The system is: Linux - 6.10.14-linuxkit - aarch64
Compiling the C compiler identification source file "CMakeCCompilerId.c" succeeded.
Compiler: /usr/bin/cc 
Build flags: 
Id flags:  

The output was:
0


Compilation of the C compiler identification source "CMakeCCompilerId.c" produced "a.out"

The C compiler identification is GNU, found in "/src/build-linux-arm64/CMakeFiles/3.22.1/CompilerIdC/a.out"

Detecting C compiler ABI info compiled with the following output:
Change Dir: /src/build-linux-arm64/CMakeFiles/CMakeTmp

Run Build Command(s):/usr/bin/gmake -f Makefile cmTC_ff119/fast && /usr/bin/gmake  -f CMakeFiles/cmTC_ff119.dir/build.make CMakeFiles/cmTC_ff119.dir/build
gmake[1]: Entering directory '/src/build-linux-arm64/CMakeFiles/CMakeTmp'
Building C object CMakeFiles/cmTC_ff119.dir/CMakeCCompilerABI.c.o
/usr/bin/cc   -v -o CMakeFiles/cmTC_ff119.dir/CMakeCCompilerABI.c.o -c /usr/share/cmake-3.22/Modules/CMakeCCompilerABI.c
Using built-in specs.
COLLECT_GCC=/usr/bin/cc
Target: aarch64-linux-gnu
Configured with: ../src/configure -v --with-pkgversion='Ubuntu 11.4.0-1ubuntu1~22.04.3' --with-bugurl=file:///usr/share/doc/gcc-11/README.Bugs --enable-languages=c,ada,c++,go,d,fortran,objc,obj-c++,m2 --prefix=/usr --with-gcc-major-version-only --program-suffix=-11 --program-prefix=aarch64-linux-gnu- --enable-shared --enable-linker-build-id --libexecdir=/usr/lib --without-included-gettext --enable-threads=posix --libdir=/usr/lib --enable-nls --enable-bootstrap --enable-clocale=gnu --enable-libstdcxx-debug --enable-libstdcxx-time=yes --with-default-libstdcxx-abi=new --enable-gnu-unique-object --disable-libquadmath --disable-libquadmath-support --enable-plugin --enable-default-pie --with-system-zlib --enable-libphobos-checking=release --with-target-system-zlib=auto --enable-objc-gc=auto --enable-multiarch --enable-fix-cortex-a53-843419 --disable-werror --enable-checking=release --build=aarch64-linux-gnu --host=aarch64-linux-gnu --target=aarch64-linux-gnu --with-build-config=bootstrap-lto-lean --enable-link-serialization=4
Thread model: posix
Supported LTO compression algorithms: zlib zstd
gcc version 11.4.0 (Ubuntu 11.4.0-1ubuntu1~22.04.3) 
COLLECT_GCC_OPTIONS='-v' '-o' 'CMakeFiles/cmTC_ff119.dir/CMakeCCompilerABI.c.o' '-c' '-mlittle-endian' '-mabi=lp64' '-dumpdir' 'CMakeFiles/cmTC_ff119.dir/'
 /usr/lib/gcc/aarch64-linux-gnu/11/cc1 -quiet -v -imultiarch aarch64-linux-gnu /usr/share/cmake-3.22/Modules/CMakeCCompilerABI.c -quiet -dumpdir CMakeFiles/cmTC_ff119.dir/ -dumpbase CMakeCCompilerABI.c.c -dumpbase-ext .c -mlittle-endian -mabi=lp64 -version -fasynchronous-unwind-tables -fstack-protector-strong -Wformat -Wformat-security -fstack-clash-protection -o /tmp/ccPC5efB.s
GNU C17 (Ubuntu 11.4.0-1ubuntu1~22.04.3) version 11.4.0 (aarch64-linux-gnu)
	compiled by GNU C version 11.4.0, GMP version 6.2.1, MPFR version 4.1.0, MPC version 1.2.1, isl version isl-0.24-GMP

GGC heuristics: --param ggc-min-expand=100 --param ggc-min-heapsize=131072
ignoring nonexistent directory "/usr/local/include/aarch64-linux-gnu"
ignoring nonexistent directory "/usr/lib/gcc/aarch64-linux-gnu/11/include-fixed"
ignoring nonexistent directory "/usr/lib/gcc/aarch64-linux-gnu/11/../../../../aarch64-linux-gnu/include"
#include "..." search starts here:
#include <...> search starts here:
 /usr/lib/gcc/aarch64-linux-gnu/11/include
 /usr/local/include
 /usr/include/aarch64-linux-gnu
 /usr/include
End of search list.
GNU C17 (Ubuntu 11.4.0-1ubuntu1~22.04.3) version 11.4.0 (aarch64-linux-gnu)
	compiled by GNU C version 11.4.0, GMP version 6.2.1, MPFR version 4.1.0, MPC version 1.2.1, isl version isl-0.24-GMP

GGC heuristics: --param ggc-min-expand=100 --param ggc-min-heapsize=131072
Compiler executable checksum: 44447769998af3517ef276c2696d65ed
COLLECT_GCC_OPTIONS='-v' '-o' 'CMakeFiles/cmTC_ff119.dir/CMakeCCompilerABI.c.o' '-c' '-mlittle-endian' '-mabi=lp64' '-dumpdir' 'CMakeFiles/cmTC_ff119.dir/'
 as -v -EL -mabi=lp64 -o CMakeFiles/cmTC_ff119.dir/CMakeCCompilerABI.c.o /tmp/ccPC5efB.s
GNU assembler version 2.38 (aarch64-linux-gnu) using BFD version (GNU Binutils for Ubuntu) 2.38
COMPILER_PATH=/usr/lib/gcc/aarch64-linux-gnu/11/:/usr/lib/gcc/aarch64-linux-gnu/11/:/usr/lib/gcc/aarch64-linux-gnu/:/usr/lib/gcc/aarch64-linux-gnu/11/:/usr/lib/gcc/aarch64-linux-gnu/
LIBRARY_PATH=/usr/lib/gcc/aarch64-linux-gnu/11/:/usr/lib/gcc/aarch64-linux-gnu/11/../../../aarch64-linux-gnu/:/usr/lib/gcc/aarch64-linux-gnu/11/../../../../lib/:/lib/aarch64-linux-gnu/:/lib/../lib/:/usr/lib/aarch64-linux-gnu/:/usr/lib/../lib/:/usr/lib/gcc/aarch64-linux-gnu/11/../../../:/lib/:/usr/lib/
COLLECT_GCC_OPTIONS='-v' '-o' 'CMakeFiles/cmTC_ff119.dir/CMakeCCompilerABI.c.o' '-c' '-mlittle-endian' '-mabi=lp64' '-dumpdir' 'CMakeFiles/cmTC_ff119.dir/CMakeCCompilerABI.c.'
Linking C executable cmTC_ff119
/usr/bin/cmake -E cmake_link_script CMakeFiles/cmTC_ff119.dir/link.txt --verbose=1
/usr/bin/cc  -v CMakeFiles/cmTC_ff119.dir/CMakeCCompilerABI.c.o -o cmTC_ff119 
Using built-in specs.
COLLECT_GCC=/usr/bin/cc
COLLECT_LTO_WRAPPER=/usr/lib/gcc/aarch64-linux-gnu/11/lto-wrapper
Target: aarch64-linux-gnu
Configured with: ../src/configure -v --with-pkgversion='Ubuntu 11.4.0-1ubuntu1~22.04.3' --with-bugurl=file:///usr/share/doc/gcc-11/README.Bugs --enable-languages=c,ada,c++,go,d,fortran,objc,obj-c++,m2 --prefix=/usr --with-gcc-major-version-only --program-suffix=-11 --program-prefix=aarch64-linux-gnu- --enable-shared --enable-linker-build-id --libexecdir=/usr/lib --without-included-gettext --enable-threads=posix --libdir=/usr/lib --enable-nls --enable-bootstrap --enable-clocale=gnu --enable-libstdcxx-debug --enable-libstdcxx-time=yes --with-default-libstdcxx-abi=new --enable-gnu-unique-object --disable-libquadmath --disable-libquadmath-support --enable-plugin --enable-default-pie --with-system-zlib --enable-libphobos-checking=release --with-target-system-zlib=auto --enable-objc-gc=auto --enable-multiarch --enable-fix-cortex-a53-843419 --disable-werror --enable-checking=release --build=aarch64-linux-gnu --host=aarch64-linux-gnu --target=aarch64-linux-gnu --with-build-config=bootstrap-lto-lean --enable-link-serialization=4
Thread model: posix
Supported LTO compression algorithms: zlib zstd
gcc version 11.4.0 (Ubuntu 11.4.0-1ubuntu1~22.04.3) 
COMPILER_PATH=/usr/lib/gcc/aarch64-linux-gnu/11/:/usr/lib/gcc/aarch64-linux-gnu/11/:/usr/lib/gcc/aarch64-linux-gnu/:/usr/lib/gcc/aarch64-linux-gnu/11/:/usr/lib/gcc/aarch64-linux-gnu/
LIBRARY_PATH=/usr/lib/gcc/aarch64-linux-gnu/11/:/usr/lib/gcc/aarch64-linux-gnu/11/../../../aarch64-linux-gnu/:/usr/lib/gcc/aarch64-linux-gnu/11/../../../../lib/:/lib/aarch64-linux-gnu/:/lib/../lib/:/usr/lib/aarch64-linux-gnu/:/usr/lib/../lib/:/usr/lib/gcc/aarch64-linux-gnu/11/../../../:/lib/:/usr/lib/
COLLECT_GCC_OPTIONS='-v' '-o' 'cmTC_ff119' '-mlittle-endian' '-mabi=lp64' '-dumpdir' 'cmTC_ff119.'
 /usr/lib/gcc/aarch64-linux-gnu/11/collect2 -plugin /usr/lib/gcc/aarch64-linux-gnu/11/liblto_plugin.so -plugin-opt=/usr/lib/gcc/aarch64-linux-gnu/11/lto-wrapper -plugin-opt=-fresolution=/tmp/cc42H4SO.res -plugin-opt=-pass-through=-lgcc -plugin-opt=-pass-through=-lgcc_s -plugin-opt=-pass-through=-lc -plugin-opt=-pass-through=-lgcc -plugin-opt=-pass-through=-lgcc_s --build-id --eh-frame-hdr --hash-style=gnu --as-needed -dynamic-linker /lib/ld-linux-aarch64.so.1 -X -EL -maarch64linux --fix-cortex-a53-843419 -pie -z now -z relro -o cmTC_ff119 /usr/lib/gcc/aarch64-linux-gnu/11/../../../aarch64-linux-gnu/Scrt1.o /usr/lib/gcc/aarch64-linux-gnu/11/../../../aarch64-linux-gnu/crti.o /usr/lib/gcc/aarch64-linux-gnu/11/crtbeginS.o -L/usr/lib/gcc/aarch64-linux-gnu/11 -L/usr/lib/gcc/aarch64-linux-gnu/11/../../../aarch64-linux-gnu -L/usr/lib/gcc/aarch64-linux-gnu/11/../../../../lib -L/lib/aarch64-linux-gnu -L/lib/../lib -L/usr/lib/aarch64-linux-gnu -L/usr/lib/../lib -L/usr/lib/gcc/aarch64-linux-gnu/11/../../.. CMakeFiles/cmTC_ff119.dir/CMakeCCompilerABI.c.o -lgcc --push-state --as-needed -lgcc_s --pop-state -lc -lgcc --push-state --as-needed -lgcc_s --pop-state /usr/lib/gcc/aarch64-linux-gnu/11/crtendS.o /usr/lib/gcc/aarch64-linux-gnu/11/../../../aarch64-linux-gnu/crtn.o
COLLECT_GCC_OPTIONS='-v' '-o' 'cmTC_ff119' '-mlittle-endian' '-mabi=lp64' '-dumpdir' 'cmTC_ff119.'
gmake[1]: Leaving directory '/src/build-linux-arm64/CMakeFiles/CMakeTmp'



Parsed C implicit include dir info from above output: rv=done
  found start of include info
  found start of implicit include info
    add: [/usr/lib/gcc/aarch64-linux-gnu/11/include]
    add: [/usr/local/include]
    add: [/usr/include/aarch64-linux-gnu]
    add: [/usr/include]
  end of search list found
  collapse include dir [/usr/lib/gcc/aarch64-linux-gnu/11/include] ==> [/usr/lib/gcc/aarch64-linux-gnu/11/include]
  collapse include dir [/usr/local/include] ==> [/usr/local/include]
  collapse include dir [/usr/include/aarch64-linux-gnu] ==> [/usr/include/aarch64-linux-gnu]
  collapse include dir [/usr/include] ==> [/usr/include]
  implicit include dirs: [/usr/lib/gcc/aarch64-linux-gnu/11/include;/usr/local/include;/usr/include/aarch64-linux-gnu;/usr/include]


Parsed C implicit link information from above output:
  link line regex: [^( *|.*[/\])(ld|CMAKE_LINK_STARTFILE-NOTFOUND|([^/\]+-)?ld|collect2)[^/\]*( |$)]
  ignore line: [Change Dir: /src/build-linux-arm64/CMakeFiles/CMakeTmp]
  ignore line: []
  ignore line: [Run Build Command(s):/usr/bin/gmake -f Makefile cmTC_ff119/fast && /usr/bin/gmake  -f CMakeFiles/cmTC_ff119.dir/build.make CMakeFiles/cmTC_ff119.dir/build]
  ignore line: [gmake[1]: Entering directory '/src/build-linux-arm64/CMakeFiles/CMakeTmp']
  ignore line: [Building C object CMakeFiles/cmTC_ff119.dir/CMakeCCompilerABI.c.o]
  ignore line: [/usr/bin/cc   -v -o CMakeFiles/cmTC_ff119.dir/CMakeCCompilerABI.c.o -c /usr/share/cmake-3.22/Modules/CMakeCCompilerABI.c]
  ignore line: [Using built-in specs.]
  ignore line: [COLLECT_GCC=/usr/bin/cc]
  ignore line: [Target: aarch64-linux-gnu]
  ignore line: [Configured with: ../src/configure -v --with-pkgversion='Ubuntu 11.4.0-1ubuntu1~22.04.3' --with-bugurl=file:///usr/share/doc/gcc-11/README.Bugs --enable-languages=c ada c++ go d fortran objc obj-c++ m2 --prefix=/usr --with-gcc-major-version-only --program-suffix=-11 --program-prefix=aarch64-linux-gnu- --enable-shared --enable-linker-build-id --libexecdir=/usr/lib --without-included-gettext --enable-threads=posix --libdir=/usr/lib --enable-nls --enable-bootstrap --enable-clocale=gnu --enable-libstdcxx-debug --enable-libstdcxx-time=yes --with-default-libstdcxx-abi=new --enable-gnu-unique-object --disable-libquadmath --disable-libquadmath-support --enable-plugin --enable-default-pie --with-system-zlib --enable-libphobos-checking=release --with-target-system-zlib=auto --enable-objc-gc=auto --enable-multiarch --enable-fix-cortex-a53-843419 --disable-werror --enable-checking=release --build=aarch64-linux-gnu --host=aarch64-linux-gnu --target=aarch64-linux-gnu --with-build-config=bootstrap-lto-lean --enable-link-serialization=4]
  ignore line: [Thread model: posix]
  ignore line: [Supported LTO compression algorithms: zlib zstd]
  ignore line: [gcc version 11.4.0 (Ubuntu 11.4.0-1ubuntu1~22.04.3) ]
  ignore line: [COLLECT_GCC_OPTIONS='-v' '-o' 'CMakeFiles/cmTC_ff119.dir/CMakeCCompilerABI.c.o' '-c' '-mlittle-endian' '-mabi=lp64' '-dumpdir' 'CMakeFiles/cmTC_ff119.dir/']
  ignore line: [ /usr/lib/gcc/aarch64-linux-gnu/11/cc1 -quiet -v -imultiarch aarch64-linux-gnu /usr/share/cmake-3.22/Modules/CMakeCCompilerABI.c -quiet -dumpdir CMakeFiles/cmTC_ff119.dir/ -dumpbase CMakeCCompilerABI.c.c -dumpbase-ext .c -mlittle-endian -mabi=lp64 -version -fasynchronous-unwind-tables -fstack-protector-strong -Wformat -Wformat-security -fstack-clash-protection -o /tmp/ccPC5efB.s]
  ignore line: [GNU C17 (Ubuntu 11.4.0-1ubuntu1~22.04.3) version 11.4.0 (aarch64-linux-gnu)]
  ignore line: [	compiled by GNU C version 11.4.0  GMP version 6.2.1  MPFR version 4.1.0  MPC version 1.2.1  isl version isl-0.24-GMP]
  ignore line: []
  ignore line: [GGC heuristics: --param ggc-min-expand=100 --param ggc-min-heapsize=131072]
  ignore line: [ignoring nonexistent directory "/usr/local/include/aarch64-linux-gnu"]
  ignore line: [ignoring nonexistent directory "/usr/lib/gcc/aarch64-linux-gnu/11/include-fixed"]
  ignore line: [ignoring nonexistent directory "/usr/lib/gcc/aarch64-linux-gnu/11/../../../../aarch64-linux-gnu/include"]
  ignore line: [#include "..." search starts here:]
  ignore line: [#include <...> search starts here:]
  ignore line: [ /usr/lib/gcc/aarch64-linux-gnu/11/include]
  ignore line: [ /usr/local/include]
  ignore line: [ /usr/include/aarch64-linux-gnu]
  ignore line: [ /usr/include]
  ignore line: [End of search list.]
  ignore line: [GNU C17 (Ubuntu 11.4.0-1ubuntu1~22.04.3) version 11.4.0 (aarch64-linux-gnu)]
  ignore line: [	compiled by GNU C version 11.4.0  GMP version 6.2.1  MPFR version 4.1.0  MPC version 1.2.1  isl version isl-0.24-GMP]
  ignore line: []
  ignore line: [GGC heuristics: --param ggc-min-expand=100 --param ggc-min-heapsize=131072]
  ignore line: [Compiler executable checksum: 44447769998af3517ef276c2696d65ed]
  ignore line: [COLLECT_GCC_OPTIONS='-v' '-o' 'CMakeFiles/cmTC_ff119.dir/CMakeCCompilerABI.c.o' '-c' '-mlittle-endian' '-mabi=lp64' '-dumpdir' 'CMakeFiles/cmTC_ff119.dir/']
  ignore line: [ as -v -EL -mabi=lp64 -o CMakeFiles/cmTC_ff119.dir/CMakeCCompilerABI.c.o /tmp/ccPC5efB.s]
  ignore line: [GNU assembler version 2.38 (aarch64-linux-gnu) using BFD version (GNU Binutils for Ubuntu) 2.38]
  ignore line: [COMPILER_PATH=/usr/lib/gcc/aarch64-linux-gnu/11/:/usr/lib/gcc/aarch64-linux-gnu/11/:/usr/lib/gcc/aarch64-linux-gnu/:/usr/lib/gcc/aarch64-linux-gnu/11/:/usr/lib/gcc/aarch64-linux-gnu/]
  ignore line: [LIBRARY_PATH=/usr/lib/gcc/aarch64-linux-gnu/11/:/usr/lib/gcc/aarch64-linux-gnu/11/../../../aarch64-linux-gnu/:/usr/lib/gcc/aarch64-linux-gnu/11/../../../../lib/:/lib/aarch64-linux-gnu/:/lib/../lib/:/usr/lib/aarch64-linux-gnu/:/usr/lib/../lib/:/usr/lib/gcc/aarch64-linux-gnu/11/../../../:/lib/:/usr/lib/]
  ignore line: [COLLECT_GCC_OPTIONS='-v' '-o' 'CMakeFiles/cmTC_ff119.dir/CMakeCCompilerABI.c.o' '-c' '-mlittle-endian' '-mabi=lp64' '-dumpdir' 'CMakeFiles/cmTC_ff119.dir/CMakeCCompilerABI.c.']
  ignore line: [Linking C executable cmTC_ff119]
  ignore line: [/usr/bin/cmake -E cmake_link_script CMakeFiles/cmTC_ff119.dir/link.txt --verbose=1]
  ignore line: [/usr/bin/cc  -v CMakeFiles/cmTC_ff119.dir/CMakeCCompilerABI.c.o -o cmTC_ff119 ]
  ignore line: [Using built-in specs.]
  ignore line: [COLLECT_GCC=/usr/bin/cc]
  ignore line: [COLLECT_LTO_WRAPPER=/usr/lib/gcc/aarch64-linux-gnu/11/lto-wrapper]
  ignore line: [Target: aarch64-linux-gnu]
  ignore line: [Configured with: ../src/configure -v --with-pkgversion='Ubuntu 11.4.0-1ubuntu1~22.04.3' --with-bugurl=file:///usr/share/doc/gcc-11/README.Bugs --enable-languages=c ada c++ go d fortran objc obj-c++ m2 --prefix=/usr --with-gcc-major-version-only --program-suffix=-11 --program-prefix=aarch64-linux-gnu- --enable-shared --enable-linker-build-id --libexecdir=/usr/lib --without-included-gettext --enable-threads=posix --libdir=/usr/lib --enable-nls --enable-bootstrap --enable-clocale=gnu --enable-libstdcxx-debug --enable-libstdcxx-time=yes --with-default-libstdcxx-abi=new --enable-gnu-unique-object --disable-libquadmath --disable-libquadmath-support --enable-plugin --enable-default-pie --with-system-zlib --enable-libphobos-checking=release --with-target-system-zlib=auto --enable-objc-gc=auto --enable-multiarch --enable-fix-cortex-a53-843419 --disable-werror --enable-checking=release --build=aarch64-linux-gnu --host=aarch64-linux-gnu --target=aarch64-linux-gnu --with-build-config=bootstrap-lto-lean --enable-link-serialization=4]
  ignore line: [Thread model: posix]
  ignore line: [Supported LTO compression algorithms: zlib zstd]
  ignore line: [gcc version 11.4.0 (Ubuntu 11.4.0-1ubuntu1~22.04.3) ]
  ignore line: [COMPILER_PATH=/usr/lib/gcc/aarch64-linux-gnu/11/:/usr/lib/gcc/aarch64-linux-gnu/11/:/usr/lib/gcc/aarch64-linux-gnu/:/usr/lib/gcc/aarch64-linux-gnu/11/:/usr/lib/gcc/aarch64-linux-gnu/]
  ignore line: [LIBRARY_PATH=/usr/lib/gcc/aarch64-linux-gnu/11/:/usr/lib/gcc/aarch64-linux-gnu/11/../../../aarch64-linux-gnu/:/usr/lib/gcc/aarch64-linux-gnu/11/../../../../lib/:/lib/aarch64-linux-gnu/:/lib/../lib/:/usr/lib/aarch64-linux-gnu/:/usr/lib/../lib/:/usr/lib/gcc/aarch64-linux-gnu/11/../../../:/lib/:/usr/lib/]
  ignore line: [COLLECT_GCC_OPTIONS='-v' '-o' 'cmTC_ff119' '-mlittle-endian' '-mabi=lp64' '-dumpdir' 'cmTC_ff119.']
  link line: [ /usr/lib/gcc/aarch64-linux-gnu/11/collect2 -plugin /usr/lib/gcc/aarch64-linux-gnu/11/liblto_plugin.so -plugin-opt=/usr/lib/gcc/aarch64-linux-gnu/11/lto-wrapper -plugin-opt=-fresolution=/tmp/cc42H4SO.res -plugin-opt=-pass-through=-lgcc -plugin-opt=-pass-through=-lgcc_s -plugin-opt=-pass-through=-lc -plugin-opt=-pass-through=-lgcc -plugin-opt=-pass-through=-lgcc_s --build-id --eh-frame-hdr --hash-style=gnu --as-needed -dynamic-linker /lib/ld-linux-aarch64.so.1 -X -EL -maarch64linux --fix-cortex-a53-843419 -pie -z now -z relro -o cmTC_ff119 /usr/lib/gcc/aarch64-linux-gnu/11/../../../aarch64-linux-gnu/Scrt1.o /usr/lib/gcc/aarch64-linux-gnu/11/../../../aarch64-linux-gnu/crti.o /usr/lib/gcc/aarch64-linux-gnu/11/crtbeginS.o -L/usr/lib/gcc/aarch64-linux-gnu/11 -L/usr/lib/gcc/aarch64-linux-gnu/11/../../../aarch64-linux-gnu -L/usr/lib/gcc/aarch64-linux-gnu/11/../../../../lib -L/lib/aarch64-linux-gnu -L/lib/../lib -L/usr/lib/aarch64-linux-gnu -L/usr/lib/../lib -L/usr/lib/gcc/aarch64-linux-gnu/11/../../.. CMakeFiles/cmTC_ff119.dir/CMakeCCompilerABI.c.o -lgcc --push-state --as-needed -lgcc_s --pop-state -lc -lgcc --push-state --as-needed -lgcc_s --pop-state /usr/lib/gcc/aarch64-linux-gnu/11/crtendS.o /usr/lib/gcc/aarch64-linux-gnu/11/../../../aarch64-linux-gnu/crtn.o]
    arg [/usr/lib/gcc/aarch64-linux-gnu/11/collect2] ==> ignore
    arg [-plugin] ==> ignore
    arg [/usr/lib/gcc/aarch64-linux-gnu/11/liblto_plugin.so] ==> ignore
    arg [-plugin-opt=/usr/lib/gcc/aarch64-linux-gnu/11/lto-wrapper] ==> ignore
    arg [-plugin-opt=-fresolution=/tmp/cc42H4SO.res] ==> ignore
    arg [-plugin-opt=-pass-through=-lgcc] ==> ignore
    arg [-plugin-opt=-pass-through=-lgcc_s] ==> ignore
    arg [-plugin-opt=-pass-through=-lc] ==> ignore
    arg [-plugin-opt=-pass-through=-lgcc] ==> ignore
    arg [-plugin-opt=-pass-through=-lgcc_s] ==> ignore
    arg [--build-id] ==> ignore
    arg [--eh-frame-hdr] ==> ignore
    arg [--hash-style=gnu] ==> ignore
    arg [--as-needed] ==> ignore
    arg [-dynamic-linker] ==> ignore
    arg [/lib/ld-linux-aarch64.so.1] ==> ignore
    arg [-X] ==> ignore
    arg [-EL] ==> ignore
    arg [-maarch64linux] ==> ignore
    arg [--fix-cortex-a53-843419] ==> ignore
    arg [-pie] ==> ignore
    arg [-znow] ==> ignore
    arg [-zrelro] ==> ignore
    arg [-o] ==> ignore
    arg [cmTC_ff119] ==> ignore
    arg [/usr/lib/gcc/aarch64-linux-gnu/11/../../../aarch64-linux-gnu/Scrt1.o] ==> obj [/usr/lib/gcc/aarch64-linux-gnu/11/../../../aarch64-linux-gnu/Scrt1.o]
    arg [/usr/lib/gcc/aarch64-linux-gnu/11/../../../aarch64-linux-gnu/crti.o] ==> obj [/usr/lib/gcc/aarch64-linux-gnu/11/../../../aarch64-linux-gnu/crti.o]
    arg [/usr/lib/gcc/aarch64-linux-gnu/11/crtbeginS.o] ==> obj [/usr/lib/gcc/aarch64-linux-gnu/11/crtbeginS.o]
    arg [-L/usr/lib/gcc/aarch64-linux-gnu/11] ==> dir [/usr/lib/gcc/aarch64-linux-gnu/11]
    arg [-L/usr/lib/gcc/aarch64-linux-gnu/11/../../../aarch64-linux-gnu] ==> dir [/usr/lib/gcc/aarch64-linux-gnu/11/../../../aarch64-linux-gnu]
    arg [-L/usr/lib/gcc/aarch64-linux-gnu/11/../../../../lib] ==> dir [/usr/lib/gcc/aarch64-linux-gnu/11/../../../../lib]
    arg [-L/lib/aarch64-linux-gnu] ==> dir [/lib/aarch64-linux-gnu]
    arg [-L/lib/../lib] ==> dir [/lib/../lib]
    arg [-L/usr/lib/aarch64-linux-gnu] ==> dir [/usr/lib/aarch64-linux-gnu]
    arg [-L/usr/lib/../lib] ==> dir [/usr/lib/../lib]
    arg [-L/usr/lib/gcc/aarch64-linux-gnu/11/../../..] ==> dir [/usr/lib/gcc/aarch64-linux-gnu/11/../../..]
    arg [CMakeFiles/cmTC_ff119.dir/CMakeCCompilerABI.c.o] ==> ignore
    arg [-lgcc] ==> lib [gcc]
    arg [--push-state] ==> ignore
    arg [--as-needed] ==> ignore
    arg [-lgcc_s] ==> lib [gcc_s]
    arg [--pop-state] ==> ignore
    arg [-lc] ==> lib [c]
    arg [-lgcc] ==> lib [gcc]
    arg [--push-state] ==> ignore
    arg [--as-needed] ==> ignore
    arg [-lgcc_s] ==> lib [gcc_s]
    arg [--pop-state] ==> ignore
    arg [/usr/lib/gcc/aarch64-linux-gnu/11/crtendS.o] ==> obj [/usr/lib/gcc/aarch64-linux-gnu/11/crtendS.o]
    arg [/usr/lib/gcc/aarch64-linux-gnu/11/../../../aarch64-linux-gnu/crtn.o] ==> obj [/usr/lib/gcc/aarch64-linux-gnu/11/../../../aarch64-linux-gnu/crtn.o]
  collapse obj [/usr/lib/gcc/aarch64-linux-gnu/11/../../../aarch64-linux-gnu/Scrt1.o] ==> [/usr/lib/aarch64-linux-gnu/Scrt1.o]
  collapse obj [/usr/lib/gcc/aarch64-linux-gnu/11/../../../aarch64-linux-gnu/crti.o] ==> [/usr/lib/aarch64-linux-gnu/crti.o]
  collapse obj [/usr/lib/gcc/aarch64-linux-gnu/11/../../../aarch64-linux-gnu/crtn.o] ==> [/usr/lib/aarch64-linux-gnu/crtn.o]
  collapse library dir [/usr/lib/gcc/aarch64-linux-gnu/11] ==> [/usr/lib/gcc/aarch64-linux-gnu/11]
  collapse library dir [/usr/lib/gcc/aarch64-linux-gnu/11/../../../aarch64-linux-gnu] ==> [/usr/lib/aarch64-linux-gnu]
  collapse library dir [/usr/lib/gcc/aarch64-linux-gnu/11/../../../../lib] ==> [/usr/lib]
  collapse library dir [/lib/aarch64-linux-gnu] ==> [/lib/aarch64-linux-gnu]
  collapse library dir [/lib/../lib] ==> [/lib]
  collapse library dir [/usr/lib/aarch64-linux-gnu] ==> [/usr/lib/aarch64-linux-gnu]
  collapse library dir [/usr/lib/../lib] ==> [/usr/lib]
  collapse library dir [/usr/lib/gcc/aarch64-linux-gnu/11/../../..] ==> [/usr/lib]
  implicit libs: [gcc;gcc_s;c;gcc;gcc_s]
  implicit objs: [/usr/lib/aarch64-linux-gnu/Scrt1.o;/usr/lib/aarch64-linux-gnu/crti.o;/usr/lib/gcc/aarch64-linux-gnu/11/crtbeginS.o;/usr/lib/gcc/aarch64-linux-gnu/11/crtendS.o;/usr/lib/aarch64-linux-gnu/crtn.o]
  implicit dirs: [/usr/lib/gcc/aarch64-linux-gnu/11;/usr/lib/aarch64-linux-gnu;/usr/lib;/lib/aarch64-linux-gnu;/lib]
  implicit fwks: []


Performing C SOURCE FILE Test HAVE_GCC_WALL succeeded with the following output:
Change Dir: /src/build-linux-arm64/CMakeFiles/CMakeTmp

Run Build Command(s):/usr/bin/gmake -f Makefile cmTC_6f47f/fast && /usr/bin/gmake  -f CMakeFiles/cmTC_6f47f.dir/build.make CMakeFiles/cmTC_6f47f.dir/build
gmake[1]: Entering directory '/src/build-linux-arm64/CMakeFiles/CMakeTmp'
Building C object CMakeFiles/cmTC_6f47f.dir/src.c.o
/usr/bin/cc -DHAVE_GCC_WALL  -D_GNU_SOURCE=1   -Wall -std=gnu11 -o CMakeFiles/cmTC_6f47f.dir/src.c.o -c /src/build-linux-arm64/CMakeFiles/CMakeTmp/src.c
Linking C executable cmTC_6f47f
/usr/bin/cmake -E cmake_link_script CMakeFiles/cmTC_6f47f.dir/link.txt --verbose=1
/usr/bin/cc   -D_GNU_SOURCE=1 CMakeFiles/cmTC_6f47f.dir/src.c.o -o cmTC_6f47f 
gmake[1]: Leaving directory '/src/build-linux-arm64/CMakeFiles/CMakeTmp'


Source file was:
int main(void) { return 0; }
Performing C SOURCE FILE Test HAVE_GCC_WUNDEF succeeded with the following output:
Change Dir: /src/build-linux-arm64/CMakeFiles/CMakeTmp

Run Build Command(s):/usr/bin/gmake -f Makefile cmTC_aef76/fast && /usr/bin/gmake  -f CMakeFiles/cmTC_aef76.dir/build.make CMakeFiles/cmTC_aef76.dir/build
gmake[1]: Entering directory '/src/build-linux-arm64/CMakeFiles/CMakeTmp'
Building C object CMakeFiles/cmTC_aef76.dir/src.c.o
/usr/bin/cc -DHAVE_GCC_WUNDEF  -D_GNU_SOURCE=1   -Wundef -std=gnu11 -o CMakeFiles/cmTC_aef76.dir/src.c.o -c /src/build-linux-arm64/CMakeFiles/CMakeTmp/src.c
Linking C executable cmTC_aef76
/usr/bin/cmake -E cmake_link_script CMakeFiles/cmTC_aef76.dir/link.txt --verbose=1
/usr/bin/cc   -D_GNU_SOURCE=1 CMakeFiles/cmTC_aef76.dir/src.c.o -o cmTC_aef76 
gmake[1]: Leaving directory '/src/build-linux-arm64/CMakeFiles/CMakeTmp'


Source file was:
int main(void) { return 0; }
Performing C SOURCE FILE Test HAVE_GCC_WFLOAT_CONVERSION succeeded with the following output:
Change Dir: /src/build-linux-arm64/CMakeFiles/CMakeTmp

Run Build Command(s):/usr/bin/gmake -f Makefile cmTC_a610d/fast && /usr/bin/gmake  -f CMakeFiles/cmTC_a610d.dir/build.make CMakeFiles/cmTC_a610d.dir/build
gmake[1]: Entering directory '/src/build-linux-arm64/CMakeFiles/CMakeTmp'
Building C object CMakeFiles/cmTC_a610d.dir/src.c.o
/usr/bin/cc -DHAVE_GCC_WFLOAT_CONVERSION  -D_GNU_SOURCE=1   -Wfloat-conversion -std=gnu11 -o CMakeFiles/cmTC_a610d.dir/src.c.o -c /src/build-linux-arm64/CMakeFiles/CMakeTmp/src.c
Linking C executable cmTC_a610d
/usr/bin/cmake -E cmake_link_script CMakeFiles/cmTC_a610d.dir/link.txt --verbose=1
/usr/bin/cc   -D_GNU_SOURCE=1 CMakeFiles/cmTC_a610d.dir/src.c.o -o cmTC_a610d 
gmake[1]: Leaving directory '/src/build-linux-arm64/CMakeFiles/CMakeTmp'


Source file was:
int main(void) { return 0; }
Performing C SOURCE FILE Test HAVE_GCC_NO_STRICT_ALIASING succeeded with the following output:
Change Dir: /src/build-linux-arm64/CMakeFiles/CMakeTmp

Run Build Command(s):/usr/bin/gmake -f Makefile cmTC_25196/fast && /usr/bin/gmake  -f CMakeFiles/cmTC_25196.dir/build.make CMakeFiles/cmTC_25196.dir/build
gmake[1]: Entering directory '/src/build-linux-arm64/CMakeFiles/CMakeTmp'
Building C object CMakeFiles/cmTC_25196.dir/src.c.o
/usr/bin/cc -DHAVE_GCC_NO_STRICT_ALIASING  -D_GNU_SOURCE=1   -fno-strict-aliasing -std=gnu11 -o CMakeFiles/cmTC_25196.dir/src.c.o -c /src/build-linux-arm64/CMakeFiles/CMakeTmp/src.c
Linking C executable cmTC_25196
/usr/bin/cmake -E cmake_link_script CMakeFiles/cmTC_25196.dir/link.txt --verbose=1
/usr/bin/cc   -D_GNU_SOURCE=1 CMakeFiles/cmTC_25196.dir/src.c.o -o cmTC_25196 
gmake[1]: Leaving directory '/src/build-linux-arm64/CMakeFiles/CMakeTmp'


Source file was:
int main(void) { return 0; }
Performing C SOURCE FILE Test HAVE_GCC_WSHADOW succeeded with the following output:
Change Dir: /src/build-linux-arm64/CMakeFiles/CMakeTmp

Run Build Command(s):/usr/bin/gmake -f Makefile cmTC_80965/fast && /usr/bin/gmake  -f CMakeFiles/cmTC_80965.dir/build.make CMakeFiles/cmTC_80965.dir/build
gmake[1]: Entering directory '/src/build-linux-arm64/CMakeFiles/CMakeTmp'
Building C object CMakeFiles/cmTC_80965.dir/src.c.o
/usr/bin/cc -DHAVE_GCC_WSHADOW  -D_GNU_SOURCE=1   -Wshadow -std=gnu11 -o CMakeFiles/cmTC_80965.dir/src.c.o -c /src/build-linux-arm64/CMakeFiles/CMakeTmp/src.c
Linking C executable cmTC_80965
/usr/bin/cmake -E cmake_link_script CMakeFiles/cmTC_80965.dir/link.txt --verbose=1
/usr/bin/cc   -D_GNU_SOURCE=1 CMakeFiles/cmTC_80965.dir/src.c.o -o cmTC_80965 
gmake[1]: Leaving directory '/src/build-linux-arm64/CMakeFiles/CMakeTmp'


Source file was:
int main(void) { return 0; }
Performing C SOURCE FILE Test HAVE_GCC_WUNUSED_LOCAL_TYPEDEFS succeeded with the following output:
Change Dir: /src/build-linux-arm64/CMakeFiles/CMakeTmp

Run Build Command(s):/usr/bin/gmake -f Makefile cmTC_653d4/fast && /usr/bin/gmake  -f CMakeFiles/cmTC_653d4.dir/build.make CMakeFiles/cmTC_653d4.dir/build
gmake[1]: Entering directory '/src/build-linux-arm64/CMakeFiles/CMakeTmp'
Building C object CMakeFiles/cmTC_653d4.dir/src.c.o
/usr/bin/cc -DHAVE_GCC_WUNUSED_LOCAL_TYPEDEFS  -D_GNU_SOURCE=1   -Wunused-local-typedefs -std=gnu11 -o CMakeFiles/cmTC_653d4.dir/src.c.o -c /src/build-linux-arm64/CMakeFiles/CMakeTmp/src.c
Linking C executable cmTC_653d4
/usr/bin/cmake -E cmake_link_script CMakeFiles/cmTC_653d4.dir/link.txt --verbose=1
/usr/bin/cc   -D_GNU_SOURCE=1 CMakeFiles/cmTC_653d4.dir/src.c.o -o cmTC_653d4 
gmake[1]: Leaving directory '/src/build-linux-arm64/CMakeFiles/CMakeTmp'


Source file was:
int main(void) { return 0; }
Performing C SOURCE FILE Test HAVE_GCC_WIMPLICIT_FALLTHROUGH succeeded with the following output:
Change Dir: /src/build-linux-arm64/CMakeFiles/CMakeTmp

Run Build Command(s):/usr/bin/gmake -f Makefile cmTC_fdc0c/fast && /usr/bin/gmake  -f CMakeFiles/cmTC_fdc0c.dir/build.make CMakeFiles/cmTC_fdc0c.dir/build
gmake[1]: Entering directory '/src/build-linux-arm64/CMakeFiles/CMakeTmp'
Building C object CMakeFiles/cmTC_fdc0c.dir/src.c.o
/usr/bin/cc -DHAVE_GCC_WIMPLICIT_FALLTHROUGH  -D_GNU_SOURCE=1   -Wimplicit-fallthrough -std=gnu11 -o CMakeFiles/cmTC_fdc0c.dir/src.c.o -c /src/build-linux-arm64/CMakeFiles/CMakeTmp/src.c
Linking C executable cmTC_fdc0c
/usr/bin/cmake -E cmake_link_script CMakeFiles/cmTC_fdc0c.dir/link.txt --verbose=1
/usr/bin/cc   -D_GNU_SOURCE=1 CMakeFiles/cmTC_fdc0c.dir/src.c.o -o cmTC_fdc0c 
gmake[1]: Leaving directory '/src/build-linux-arm64/CMakeFiles/CMakeTmp'


Source file was:
int main(void) { return 0; }
Performing C SOURCE FILE Test COMPILER_SUPPORTS_FDIAGNOSTICS_COLOR_ALWAYS succeeded with the following output:
Change Dir: /src/build-linux-arm64/CMakeFiles/CMakeTmp

Run Build Command(s):/usr/bin/gmake -f Makefile cmTC_8be8f/fast && /usr/bin/gmake  -f CMakeFiles/cmTC_8be8f.dir/build.make CMakeFiles/cmTC_8be8f.dir/build
gmake[1]: Entering directory '/src/build-linux-arm64/CMakeFiles/CMakeTmp'
Building C object CMakeFiles/cmTC_8be8f.dir/src.c.o
/usr/bin/cc -DCOMPILER_SUPPORTS_FDIAGNOSTICS_COLOR_ALWAYS  -D_GNU_SOURCE=1   -fdiagnostics-color=always -std=gnu11 -o CMakeFiles/cmTC_8be8f.dir/src.c.o -c /src/build-linux-arm64/CMakeFiles/CMakeTmp/src.c
Linking C executable cmTC_8be8f
/usr/bin/cmake -E cmake_link_script CMakeFiles/cmTC_8be8f.dir/link.txt --verbose=1
/usr/bin/cc   -D_GNU_SOURCE=1 CMakeFiles/cmTC_8be8f.dir/src.c.o -o cmTC_8be8f 
gmake[1]: Leaving directory '/src/build-linux-arm64/CMakeFiles/CMakeTmp'


Source file was:
int main(void) { return 0; }
Determining if the __GLIBC__ exist passed with the following output:
Change Dir: /src/build-linux-arm64/CMakeFiles/CMakeTmp

Run Build Command(s):/usr/bin/gmake -f Makefile cmTC_34399/fast && /usr/bin/gmake  -f CMakeFiles/cmTC_34399.dir/build.make CMakeFiles/cmTC_34399.dir/build
gmake[1]: Entering directory '/src/build-linux-arm64/CMakeFiles/CMakeTmp'
Building C object CMakeFiles/cmTC_34399.dir/CheckSymbolExists.c.o
/usr/bin/cc   -D_GNU_SOURCE=1 -std=gnu11 -o CMakeFiles/cmTC_34399.dir/CheckSymbolExists.c.o -c /src/build-linux-arm64/CMakeFiles/CMakeTmp/CheckSymbolExists.c
Linking C executable cmTC_34399
/usr/bin/cmake -E cmake_link_script CMakeFiles/cmTC_34399.dir/link.txt --verbose=1
/usr/bin/cc   -D_GNU_SOURCE=1 CMakeFiles/cmTC_34399.dir/CheckSymbolExists.c.o -o cmTC_34399 
gmake[1]: Leaving directory '/src/build-linux-arm64/CMakeFiles/CMakeTmp'


File /src/build-linux-arm64/CMakeFiles/CMakeTmp/CheckSymbolExists.c:
/* */
#include <stdlib.h>

int main(int argc, char** argv)
{
  (void)argv;
#ifndef __GLIBC__
  return ((int*)(&__GLIBC__))[argc];
#else
  (void)argc;
  return 0;
#endif
}
Performing C SOURCE FILE Test HAVE_WL_VERSION_SCRIPT succeeded with the following output:
Change Dir: /src/build-linux-arm64/CMakeFiles/CMakeTmp

Run Build Command(s):/usr/bin/gmake -f Makefile cmTC_652dc/fast && /usr/bin/gmake  -f CMakeFiles/cmTC_652dc.dir/build.make CMakeFiles/cmTC_652dc.dir/build
gmake[1]: Entering directory '/src/build-linux-arm64/CMakeFiles/CMakeTmp'
Building C object CMakeFiles/cmTC_652dc.dir/src.c.o
/usr/bin/cc -DHAVE_WL_VERSION_SCRIPT  -std=gnu11 -o CMakeFiles/cmTC_652dc.dir/src.c.o -c /src/build-linux-arm64/CMakeFiles/CMakeTmp/src.c
Linking C executable cmTC_652dc
/usr/bin/cmake -E cmake_link_script CMakeFiles/cmTC_652dc.dir/link.txt --verbose=1
/usr/bin/cc -Wl,--version-script=/src/build-linux-arm64/sources/SDL/CMakeFiles/dummy.sym CMakeFiles/cmTC_652dc.dir/src.c.o -o cmTC_652dc 
gmake[1]: Leaving directory '/src/build-linux-arm64/CMakeFiles/CMakeTmp'


Source file was:
int func(void) {return 0;} int main(int argc,char*argv[]){(void)argc;(void)argv;return func();}
Performing C SOURCE FILE Test COMPILER_SUPPORTS_GCC_ATOMICS succeeded with the following output:
Change Dir: /src/build-linux-arm64/CMakeFiles/CMakeTmp

Run Build Command(s):/usr/bin/gmake -f Makefile cmTC_5a2dc/fast && /usr/bin/gmake  -f CMakeFiles/cmTC_5a2dc.dir/build.make CMakeFiles/cmTC_5a2dc.dir/build
gmake[1]: Entering directory '/src/build-linux-arm64/CMakeFiles/CMakeTmp'
Building C object CMakeFiles/cmTC_5a2dc.dir/src.c.o
/usr/bin/cc -DCOMPILER_SUPPORTS_GCC_ATOMICS  -D_GNU_SOURCE=1 -std=gnu11 -o CMakeFiles/cmTC_5a2dc.dir/src.c.o -c /src/build-linux-arm64/CMakeFiles/CMakeTmp/src.c
Linking C executable cmTC_5a2dc
/usr/bin/cmake -E cmake_link_script CMakeFiles/cmTC_5a2dc.dir/link.txt --verbose=1
/usr/bin/cc   -D_GNU_SOURCE=1 CMakeFiles/cmTC_5a2dc.dir/src.c.o -o cmTC_5a2dc 
gmake[1]: Leaving directory '/src/build-linux-arm64/CMakeFiles/CMakeTmp'


Source file was:
int main(int argc, char **argv) {
        int a;
        void *x, *y, *z;
        __sync_lock_test_and_set(&a, 4);
        __sync_lock_test_and_set(&x, y);
        __sync_fetch_and_add(&a, 1);
        __sync_bool_compare_and_swap(&a, 5, 10);
        __sync_bool_compare_and_swap(&x, y, z);
        return 0; }
Performing C SOURCE FILE Test HAVE_GCC_FVISIBILITY succeeded with the following output:
Change Dir: /src/build-linux-arm64/CMakeFiles/CMakeTmp

Run Build Command(s):/usr/bin/gmake -f Makefile cmTC_99347/fast && /usr/bin/gmake  -f CMakeFiles/cmTC_99347.dir/build.make CMakeFiles/cmTC_99347.dir/build
gmake[1]: Entering directory '/src/build-linux-arm64/CMakeFiles/CMakeTmp'
Building C object CMakeFiles/cmTC_99347.dir/src.c.o
/usr/bin/cc -DHAVE_GCC_FVISIBILITY  -D_GNU_SOURCE=1 -fvisibility=hidden -Werror -std=gnu11 -o CMakeFiles/cmTC_99347.dir/src.c.o -c /src/build-linux-arm64/CMakeFiles/CMakeTmp/src.c
Linking C executable cmTC_99347
/usr/bin/cmake -E cmake_link_script CMakeFiles/cmTC_99347.dir/link.txt --verbose=1
/usr/bin/cc   -D_GNU_SOURCE=1 -fvisibility=hidden -Werror CMakeFiles/cmTC_99347.dir/src.c.o -o cmTC_99347 
gmake[1]: Leaving directory '/src/build-linux-arm64/CMakeFiles/CMakeTmp'


Source file was:

      #if !defined(__GNUC__) || __GNUC__ < 4
      #error SDL only uses visibility attributes in GCC 4 or newer
      #endif
      __attribute__((visibility("default"))) int foo(void);
      __attribute__((visibility("hidden")))  int bar(void);
      int foo(void) { return 0; }
      int bar(void) { return 1; }
      int main(void) { return 0; }
Performing C SOURCE FILE Test LINKER_SUPPORTS_WL_NO_UNDEFINED succeeded with the following output:
Change Dir: /src/build-linux-arm64/CMakeFiles/CMakeTmp

Run Build Command(s):/usr/bin/gmake -f Makefile cmTC_658dc/fast && /usr/bin/gmake  -f CMakeFiles/cmTC_658dc.dir/build.make CMakeFiles/cmTC_658dc.dir/build
gmake[1]: Entering directory '/src/build-linux-arm64/CMakeFiles/CMakeTmp'
Building C object CMakeFiles/cmTC_658dc.dir/src.c.o
/usr/bin/cc -DLINKER_SUPPORTS_WL_NO_UNDEFINED  -D_GNU_SOURCE=1 -std=gnu11 -o CMakeFiles/cmTC_658dc.dir/src.c.o -c /src/build-linux-arm64/CMakeFiles/CMakeTmp/src.c
Linking C executable cmTC_658dc
/usr/bin/cmake -E cmake_link_script CMakeFiles/cmTC_658dc.dir/link.txt --verbose=1
/usr/bin/cc   -D_GNU_SOURCE=1 -Wl,--no-undefined CMakeFiles/cmTC_658dc.dir/src.c.o -o cmTC_658dc 
gmake[1]: Leaving directory '/src/build-linux-arm64/CMakeFiles/CMakeTmp'


Source file was:
int main() { return 0; }
Performing C SOURCE FILE Test COMPILER_SUPPORTS_ARMNEON succeeded with the following output:
Change Dir: /src/build-linux-arm64/CMakeFiles/CMakeTmp

Run Build Command(s):/usr/bin/gmake -f Makefile cmTC_3223c/fast && /usr/bin/gmake  -f CMakeFiles/cmTC_3223c.dir/build.make CMakeFiles/cmTC_3223c.dir/build
gmake[1]: Entering directory '/src/build-linux-arm64/CMakeFiles/CMakeTmp'
Building C object CMakeFiles/cmTC_3223c.dir/src.c.o
/usr/bin/cc -DCOMPILER_SUPPORTS_ARMNEON  -D_GNU_SOURCE=1 -std=gnu11 -o CMakeFiles/cmTC_3223c.dir/src.c.o -c /src/build-linux-arm64/CMakeFiles/CMakeTmp/src.c
Linking C executable cmTC_3223c
/usr/bin/cmake -E cmake_link_script CMakeFiles/cmTC_3223c.dir/link.txt --verbose=1
/usr/bin/cc   -D_GNU_SOURCE=1 CMakeFiles/cmTC_3223c.dir/src.c.o -o cmTC_3223c 
gmake[1]: Leaving directory '/src/build-linux-arm64/CMakeFiles/CMakeTmp'


Source file was:

    #if 0
    # if defined(__arm__) || defined(__aarch64__)
    #  define test_enabled 1
    # else
    #  define test_enabled 0 /* feign success in Apple multi-arch configs */
    # endif
    #else                    /* test normally */
    # define test_enabled 1
    #endif
    #if test_enabled
          #include <arm_neon.h>
      void floats_add(float *dest, float *a, float *b, unsigned size) {
        for (; size >= 4; size -= 4, dest += 4, a += 4, b += 4) {
          vst1q_f32(dest, vaddq_f32(vld1q_f32(a), vld1q_f32(b)));
        }
      }
      int main(int argc, char *argv[]) {
        floats_add((float*)0, (float*)0, (float*)0, 0);
        return 0;
      }
    #else
    int main(int argc, char *argv[]) {
      (void)argc;
      (void)argv;
      return 0;
    }
    #endif
Performing C SOURCE FILE Test COMPILER_SUPPORTS_ARMSVE2 succeeded with the following output:
Change Dir: /src/build-linux-arm64/CMakeFiles/CMakeTmp

Run Build Command(s):/usr/bin/gmake -f Makefile cmTC_2ea63/fast && /usr/bin/gmake  -f CMakeFiles/cmTC_2ea63.dir/build.make CMakeFiles/cmTC_2ea63.dir/build
gmake[1]: Entering directory '/src/build-linux-arm64/CMakeFiles/CMakeTmp'
Building C object CMakeFiles/cmTC_2ea63.dir/src.c.o
/usr/bin/cc -DCOMPILER_SUPPORTS_ARMSVE2  -D_GNU_SOURCE=1 -march=armv8-a+sve2 -std=gnu11 -o CMakeFiles/cmTC_2ea63.dir/src.c.o -c /src/build-linux-arm64/CMakeFiles/CMakeTmp/src.c
Linking C executable cmTC_2ea63
/usr/bin/cmake -E cmake_link_script CMakeFiles/cmTC_2ea63.dir/link.txt --verbose=1
/usr/bin/cc   -D_GNU_SOURCE=1 -march=armv8-a+sve2 CMakeFiles/cmTC_2ea63.dir/src.c.o -o cmTC_2ea63 
gmake[1]: Leaving directory '/src/build-linux-arm64/CMakeFiles/CMakeTmp'


Source file was:

    #if 0
    # if defined(__arm__) || defined(__aarch64__)
    #  define test_enabled 1
    # else
    #  define test_enabled 0 /* feign success in Apple multi-arch configs */
    # endif
    #else                    /* test normally */
    # define test_enabled 1
    #endif
    #if test_enabled
            #include <arm_sve.h>
        svuint32_t sve2_test(svuint32_t a, svuint32_t b) {
          return svadd_u32_x(svptrue_b32(), a, b);
        }
        int main(int argc, char *argv[]) {
          sve2_test(svdup_u32(0), svdup_u32(0));
          return 0;
        }
    #else
    int main(int argc, char *argv[]) {
      (void)argc;
      (void)argv;
      return 0;
    }
    #endif
Determining if the include file alloca.h exists passed with the following output:
Change Dir: /src/build-linux-arm64/CMakeFiles/CMakeTmp

Run Build Command(s):/usr/bin/gmake -f Makefile cmTC_575f1/fast && /usr/bin/gmake  -f CMakeFiles/cmTC_575f1.dir/build.make CMakeFiles/cmTC_575f1.dir/build
gmake[1]: Entering directory '/src/build-linux-arm64/CMakeFiles/CMakeTmp'
Building C object CMakeFiles/cmTC_575f1.dir/CheckIncludeFile.c.o
/usr/bin/cc   -D_GNU_SOURCE=1 -std=gnu11 -o CMakeFiles/cmTC_575f1.dir/CheckIncludeFile.c.o -c /src/build-linux-arm64/CMakeFiles/CMakeTmp/CheckIncludeFile.c
Linking C executable cmTC_575f1
/usr/bin/cmake -E cmake_link_script CMakeFiles/cmTC_575f1.dir/link.txt --verbose=1
/usr/bin/cc   -D_GNU_SOURCE=1 CMakeFiles/cmTC_575f1.dir/CheckIncludeFile.c.o -o cmTC_575f1 
gmake[1]: Leaving directory '/src/build-linux-arm64/CMakeFiles/CMakeTmp'



Determining if the include file float.h exists passed with the following output:
Change Dir: /src/build-linux-arm64/CMakeFiles/CMakeTmp

Run Build Command(s):/usr/bin/gmake -f Makefile cmTC_c6b1b/fast && /usr/bin/gmake  -f CMakeFiles/cmTC_c6b1b.dir/build.make CMakeFiles/cmTC_c6b1b.dir/build
gmake[1]: Entering directory '/src/build-linux-arm64/CMakeFiles/CMakeTmp'
Building C object CMakeFiles/cmTC_c6b1b.dir/CheckIncludeFile.c.o
/usr/bin/cc   -D_GNU_SOURCE=1 -std=gnu11 -o CMakeFiles/cmTC_c6b1b.dir/CheckIncludeFile.c.o -c /src/build-linux-arm64/CMakeFiles/CMakeTmp/CheckIncludeFile.c
Linking C executable cmTC_c6b1b
/usr/bin/cmake -E cmake_link_script CMakeFiles/cmTC_c6b1b.dir/link.txt --verbose=1
/usr/bin/cc   -D_GNU_SOURCE=1 CMakeFiles/cmTC_c6b1b.dir/CheckIncludeFile.c.o -o cmTC_c6b1b 
gmake[1]: Leaving directory '/src/build-linux-arm64/CMakeFiles/CMakeTmp'



Determining if the include file iconv.h exists passed with the following output:
Change Dir: /src/build-linux-arm64/CMakeFiles/CMakeTmp

Run Build Command(s):/usr/bin/gmake -f Makefile cmTC_3fea9/fast && /usr/bin/gmake  -f CMakeFiles/cmTC_3fea9.dir/build.make CMakeFiles/cmTC_3fea9.dir/build
gmake[1]: Entering directory '/src/build-linux-arm64/CMakeFiles/CMakeTmp'
Building C object CMakeFiles/cmTC_3fea9.dir/CheckIncludeFile.c.o
/usr/bin/cc   -D_GNU_SOURCE=1 -std=gnu11 -o CMakeFiles/cmTC_3fea9.dir/CheckIncludeFile.c.o -c /src/build-linux-arm64/CMakeFiles/CMakeTmp/CheckIncludeFile.c
Linking C executable cmTC_3fea9
/usr/bin/cmake -E cmake_link_script CMakeFiles/cmTC_3fea9.dir/link.txt --verbose=1
/usr/bin/cc   -D_GNU_SOURCE=1 CMakeFiles/cmTC_3fea9.dir/CheckIncludeFile.c.o -o cmTC_3fea9 
gmake[1]: Leaving directory '/src/build-linux-arm64/CMakeFiles/CMakeTmp'



Determining if the include file inttypes.h exists passed with the following output:
Change Dir: /src/build-linux-arm64/CMakeFiles/CMakeTmp

Run Build Command(s):/usr/bin/gmake -f Makefile cmTC_cb3ed/fast && /usr/bin/gmake  -f CMakeFiles/cmTC_cb3ed.dir/build.make CMakeFiles/cmTC_cb3ed.dir/build
gmake[1]: Entering directory '/src/build-linux-arm64/CMakeFiles/CMakeTmp'
Building C object CMakeFiles/cmTC_cb3ed.dir/CheckIncludeFile.c.o
/usr/bin/cc   -D_GNU_SOURCE=1 -std=gnu11 -o CMakeFiles/cmTC_cb3ed.dir/CheckIncludeFile.c.o -c /src/build-linux-arm64/CMakeFiles/CMakeTmp/CheckIncludeFile.c
Linking C executable cmTC_cb3ed
/usr/bin/cmake -E cmake_link_script CMakeFiles/cmTC_cb3ed.dir/link.txt --verbose=1
/usr/bin/cc   -D_GNU_SOURCE=1 CMakeFiles/cmTC_cb3ed.dir/CheckIncludeFile.c.o -o cmTC_cb3ed 
gmake[1]: Leaving directory '/src/build-linux-arm64/CMakeFiles/CMakeTmp'



Determining if the include file limits.h exists passed with the following output:
Change Dir: /src/build-linux-arm64/CMakeFiles/CMakeTmp

Run Build Command(s):/usr/bin/gmake -f Makefile cmTC_eb17b/fast && /usr/bin/gmake  -f CMakeFiles/cmTC_eb17b.dir/build.make CMakeFiles/cmTC_eb17b.dir/build
gmake[1]: Entering directory '/src/build-linux-arm64/CMakeFiles/CMakeTmp'
Building C object CMakeFiles/cmTC_eb17b.dir/CheckIncludeFile.c.o
/usr/bin/cc   -D_GNU_SOURCE=1 -std=gnu11 -o CMakeFiles/cmTC_eb17b.dir/CheckIncludeFile.c.o -c /src/build-linux-arm64/CMakeFiles/CMakeTmp/CheckIncludeFile.c
Linking C executable cmTC_eb17b
/usr/bin/cmake -E cmake_link_script CMakeFiles/cmTC_eb17b.dir/link.txt --verbose=1
/usr/bin/cc   -D_GNU_SOURCE=1 CMakeFiles/cmTC_eb17b.dir/CheckIncludeFile.c.o -o cmTC_eb17b 
gmake[1]: Leaving directory '/src/build-linux-arm64/CMakeFiles/CMakeTmp'



Determining if the include file malloc.h exists passed with the following output:
Change Dir: /src/build-linux-arm64/CMakeFiles/CMakeTmp

Run Build Command(s):/usr/bin/gmake -f Makefile cmTC_46d20/fast && /usr/bin/gmake  -f CMakeFiles/cmTC_46d20.dir/build.make CMakeFiles/cmTC_46d20.dir/build
gmake[1]: Entering directory '/src/build-linux-arm64/CMakeFiles/CMakeTmp'
Building C object CMakeFiles/cmTC_46d20.dir/CheckIncludeFile.c.o
/usr/bin/cc   -D_GNU_SOURCE=1 -std=gnu11 -o CMakeFiles/cmTC_46d20.dir/CheckIncludeFile.c.o -c /src/build-linux-arm64/CMakeFiles/CMakeTmp/CheckIncludeFile.c
Linking C executable cmTC_46d20
/usr/bin/cmake -E cmake_link_script CMakeFiles/cmTC_46d20.dir/link.txt --verbose=1
/usr/bin/cc   -D_GNU_SOURCE=1 CMakeFiles/cmTC_46d20.dir/CheckIncludeFile.c.o -o cmTC_46d20 
gmake[1]: Leaving directory '/src/build-linux-arm64/CMakeFiles/CMakeTmp'



Determining if the include file math.h exists passed with the following output:
Change Dir: /src/build-linux-arm64/CMakeFiles/CMakeTmp

Run Build Command(s):/usr/bin/gmake -f Makefile cmTC_4ed7f/fast && /usr/bin/gmake  -f CMakeFiles/cmTC_4ed7f.dir/build.make CMakeFiles/cmTC_4ed7f.dir/build
gmake[1]: Entering directory '/src/build-linux-arm64/CMakeFiles/CMakeTmp'
Building C object CMakeFiles/cmTC_4ed7f.dir/CheckIncludeFile.c.o
/usr/bin/cc   -D_GNU_SOURCE=1 -std=gnu11 -o CMakeFiles/cmTC_4ed7f.dir/CheckIncludeFile.c.o -c /src/build-linux-arm64/CMakeFiles/CMakeTmp/CheckIncludeFile.c
Linking C executable cmTC_4ed7f
/usr/bin/cmake -E cmake_link_script CMakeFiles/cmTC_4ed7f.dir/link.txt --verbose=1
/usr/bin/cc   -D_GNU_SOURCE=1 CMakeFiles/cmTC_4ed7f.dir/CheckIncludeFile.c.o -o cmTC_4ed7f 
gmake[1]: Leaving directory '/src/build-linux-arm64/CMakeFiles/CMakeTmp'



Determining if the include file memory.h exists passed with the following output:
Change Dir: /src/build-linux-arm64/CMakeFiles/CMakeTmp

Run Build Command(s):/usr/bin/gmake -f Makefile cmTC_9e1a1/fast && /usr/bin/gmake  -f CMakeFiles/cmTC_9e1a1.dir/build.make CMakeFiles/cmTC_9e1a1.dir/build
gmake[1]: Entering directory '/src/build-linux-arm64/CMakeFiles/CMakeTmp'
Building C object CMakeFiles/cmTC_9e1a1.dir/CheckIncludeFile.c.o
/usr/bin/cc   -D_GNU_SOURCE=1 -std=gnu11 -o CMakeFiles/cmTC_9e1a1.dir/CheckIncludeFile.c.o -c /src/build-linux-arm64/CMakeFiles/CMakeTmp/CheckIncludeFile.c
Linking C executable cmTC_9e1a1
/usr/bin/cmake -E cmake_link_script CMakeFiles/cmTC_9e1a1.dir/link.txt --verbose=1
/usr/bin/cc   -D_GNU_SOURCE=1 CMakeFiles/cmTC_9e1a1.dir/CheckIncludeFile.c.o -o cmTC_9e1a1 
gmake[1]: Leaving directory '/src/build-linux-arm64/CMakeFiles/CMakeTmp'



Determining if the include file signal.h exists passed with the following output:
Change Dir: /src/build-linux-arm64/CMakeFiles/CMakeTmp

Run Build Command(s):/usr/bin/gmake -f Makefile cmTC_6eb89/fast && /usr/bin/gmake  -f CMakeFiles/cmTC_6eb89.dir/build.make CMakeFiles/cmTC_6eb89.dir/build
gmake[1]: Entering directory '/src/build-linux-arm64/CMakeFiles/CMakeTmp'
Building C object CMakeFiles/cmTC_6eb89.dir/CheckIncludeFile.c.o
/usr/bin/cc   -D_GNU_SOURCE=1 -std=gnu11 -o CMakeFiles/cmTC_6eb89.dir/CheckIncludeFile.c.o -c /src/build-linux-arm64/CMakeFiles/CMakeTmp/CheckIncludeFile.c
Linking C executable cmTC_6eb89
/usr/bin/cmake -E cmake_link_script CMakeFiles/cmTC_6eb89.dir/link.txt --verbose=1
/usr/bin/cc   -D_GNU_SOURCE=1 CMakeFiles/cmTC_6eb89.dir/CheckIncludeFile.c.o -o cmTC_6eb89 
gmake[1]: Leaving directory '/src/build-linux-arm64/CMakeFiles/CMakeTmp'



Determining if the include file stdarg.h exists passed with the following output:
Change Dir: /src/build-linux-arm64/CMakeFiles/CMakeTmp

Run Build Command(s):/usr/bin/gmake -f Makefile cmTC_8dcf2/fast && /usr/bin/gmake  -f CMakeFiles/cmTC_8dcf2.dir/build.make CMakeFiles/cmTC_8dcf2.dir/build
gmake[1]: Entering directory '/src/build-linux-arm64/CMakeFiles/CMakeTmp'
Building C object CMakeFiles/cmTC_8dcf2.dir/CheckIncludeFile.c.o
/usr/bin/cc   -D_GNU_SOURCE=1 -std=gnu11 -o CMakeFiles/cmTC_8dcf2.dir/CheckIncludeFile.c.o -c /src/build-linux-arm64/CMakeFiles/CMakeTmp/CheckIncludeFile.c
Linking C executable cmTC_8dcf2
/usr/bin/cmake -E cmake_link_script CMakeFiles/cmTC_8dcf2.dir/link.txt --verbose=1
/usr/bin/cc   -D_GNU_SOURCE=1 CMakeFiles/cmTC_8dcf2.dir/CheckIncludeFile.c.o -o cmTC_8dcf2 
gmake[1]: Leaving directory '/src/build-linux-arm64/CMakeFiles/CMakeTmp'



Determining if the include file stdbool.h exists passed with the following output:
Change Dir: /src/build-linux-arm64/CMakeFiles/CMakeTmp

Run Build Command(s):/usr/bin/gmake -f Makefile cmTC_463d3/fast && /usr/bin/gmake  -f CMakeFiles/cmTC_463d3.dir/build.make CMakeFiles/cmTC_463d3.dir/build
gmake[1]: Entering directory '/src/build-linux-arm64/CMakeFiles/CMakeTmp'
Building C object CMakeFiles/cmTC_463d3.dir/CheckIncludeFile.c.o
/usr/bin/cc   -D_GNU_SOURCE=1 -std=gnu11 -o CMakeFiles/cmTC_463d3.dir/CheckIncludeFile.c.o -c /src/build-linux-arm64/CMakeFiles/CMakeTmp/CheckIncludeFile.c
Linking C executable cmTC_463d3
/usr/bin/cmake -E cmake_link_script CMakeFiles/cmTC_463d3.dir/link.txt --verbose=1
/usr/bin/cc   -D_GNU_SOURCE=1 CMakeFiles/cmTC_463d3.dir/CheckIncludeFile.c.o -o cmTC_463d3 
gmake[1]: Leaving directory '/src/build-linux-arm64/CMakeFiles/CMakeTmp'



Determining if the include file stddef.h exists passed with the following output:
Change Dir: /src/build-linux-arm64/CMakeFiles/CMakeTmp

Run Build Command(s):/usr/bin/gmake -f Makefile cmTC_d2449/fast && /usr/bin/gmake  -f CMakeFiles/cmTC_d2449.dir/build.make CMakeFiles/cmTC_d2449.dir/build
gmake[1]: Entering directory '/src/build-linux-arm64/CMakeFiles/CMakeTmp'
Building C object CMakeFiles/cmTC_d2449.dir/CheckIncludeFile.c.o
/usr/bin/cc   -D_GNU_SOURCE=1 -std=gnu11 -o CMakeFiles/cmTC_d2449.dir/CheckIncludeFile.c.o -c /src/build-linux-arm64/CMakeFiles/CMakeTmp/CheckIncludeFile.c
Linking C executable cmTC_d2449
/usr/bin/cmake -E cmake_link_script CMakeFiles/cmTC_d2449.dir/link.txt --verbose=1
/usr/bin/cc   -D_GNU_SOURCE=1 CMakeFiles/cmTC_d2449.dir/CheckIncludeFile.c.o -o cmTC_d2449 
gmake[1]: Leaving directory '/src/build-linux-arm64/CMakeFiles/CMakeTmp'



Determining if the include file stdint.h exists passed with the following output:
Change Dir: /src/build-linux-arm64/CMakeFiles/CMakeTmp

Run Build Command(s):/usr/bin/gmake -f Makefile cmTC_ac969/fast && /usr/bin/gmake  -f CMakeFiles/cmTC_ac969.dir/build.make CMakeFiles/cmTC_ac969.dir/build
gmake[1]: Entering directory '/src/build-linux-arm64/CMakeFiles/CMakeTmp'
Building C object CMakeFiles/cmTC_ac969.dir/CheckIncludeFile.c.o
/usr/bin/cc   -D_GNU_SOURCE=1 -std=gnu11 -o CMakeFiles/cmTC_ac969.dir/CheckIncludeFile.c.o -c /src/build-linux-arm64/CMakeFiles/CMakeTmp/CheckIncludeFile.c
Linking C executable cmTC_ac969
/usr/bin/cmake -E cmake_link_script CMakeFiles/cmTC_ac969.dir/link.txt --verbose=1
/usr/bin/cc   -D_GNU_SOURCE=1 CMakeFiles/cmTC_ac969.dir/CheckIncludeFile.c.o -o cmTC_ac969 
gmake[1]: Leaving directory '/src/build-linux-arm64/CMakeFiles/CMakeTmp'



Determining if the include file stdio.h exists passed with the following output:
Change Dir: /src/build-linux-arm64/CMakeFiles/CMakeTmp

Run Build Command(s):/usr/bin/gmake -f Makefile cmTC_d5bfd/fast && /usr/bin/gmake  -f CMakeFiles/cmTC_d5bfd.dir/build.make CMakeFiles/cmTC_d5bfd.dir/build
gmake[1]: Entering directory '/src/build-linux-arm64/CMakeFiles/CMakeTmp'
Building C object CMakeFiles/cmTC_d5bfd.dir/CheckIncludeFile.c.o
/usr/bin/cc   -D_GNU_SOURCE=1 -std=gnu11 -o CMakeFiles/cmTC_d5bfd.dir/CheckIncludeFile.c.o -c /src/build-linux-arm64/CMakeFiles/CMakeTmp/CheckIncludeFile.c
Linking C executable cmTC_d5bfd
/usr/bin/cmake -E cmake_link_script CMakeFiles/cmTC_d5bfd.dir/link.txt --verbose=1
/usr/bin/cc   -D_GNU_SOURCE=1 CMakeFiles/cmTC_d5bfd.dir/CheckIncludeFile.c.o -o cmTC_d5bfd 
gmake[1]: Leaving directory '/src/build-linux-arm64/CMakeFiles/CMakeTmp'



Determining if the include file stdlib.h exists passed with the following output:
Change Dir: /src/build-linux-arm64/CMakeFiles/CMakeTmp

Run Build Command(s):/usr/bin/gmake -f Makefile cmTC_287d7/fast && /usr/bin/gmake  -f CMakeFiles/cmTC_287d7.dir/build.make CMakeFiles/cmTC_287d7.dir/build
gmake[1]: Entering directory '/src/build-linux-arm64/CMakeFiles/CMakeTmp'
Building C object CMakeFiles/cmTC_287d7.dir/CheckIncludeFile.c.o
/usr/bin/cc   -D_GNU_SOURCE=1 -std=gnu11 -o CMakeFiles/cmTC_287d7.dir/CheckIncludeFile.c.o -c /src/build-linux-arm64/CMakeFiles/CMakeTmp/CheckIncludeFile.c
Linking C executable cmTC_287d7
/usr/bin/cmake -E cmake_link_script CMakeFiles/cmTC_287d7.dir/link.txt --verbose=1
/usr/bin/cc   -D_GNU_SOURCE=1 CMakeFiles/cmTC_287d7.dir/CheckIncludeFile.c.o -o cmTC_287d7 
gmake[1]: Leaving directory '/src/build-linux-arm64/CMakeFiles/CMakeTmp'



Determining if the include file string.h exists passed with the following output:
Change Dir: /src/build-linux-arm64/CMakeFiles/CMakeTmp

Run Build Command(s):/usr/bin/gmake -f Makefile cmTC_2535b/fast && /usr/bin/gmake  -f CMakeFiles/cmTC_2535b.dir/build.make CMakeFiles/cmTC_2535b.dir/build
gmake[1]: Entering directory '/src/build-linux-arm64/CMakeFiles/CMakeTmp'
Building C object CMakeFiles/cmTC_2535b.dir/CheckIncludeFile.c.o
/usr/bin/cc   -D_GNU_SOURCE=1 -std=gnu11 -o CMakeFiles/cmTC_2535b.dir/CheckIncludeFile.c.o -c /src/build-linux-arm64/CMakeFiles/CMakeTmp/CheckIncludeFile.c
Linking C executable cmTC_2535b
/usr/bin/cmake -E cmake_link_script CMakeFiles/cmTC_2535b.dir/link.txt --verbose=1
/usr/bin/cc   -D_GNU_SOURCE=1 CMakeFiles/cmTC_2535b.dir/CheckIncludeFile.c.o -o cmTC_2535b 
gmake[1]: Leaving directory '/src/build-linux-arm64/CMakeFiles/CMakeTmp'



Determining if the include file strings.h exists passed with the following output:
Change Dir: /src/build-linux-arm64/CMakeFiles/CMakeTmp

Run Build Command(s):/usr/bin/gmake -f Makefile cmTC_2090b/fast && /usr/bin/gmake  -f CMakeFiles/cmTC_2090b.dir/build.make CMakeFiles/cmTC_2090b.dir/build
gmake[1]: Entering directory '/src/build-linux-arm64/CMakeFiles/CMakeTmp'
Building C object CMakeFiles/cmTC_2090b.dir/CheckIncludeFile.c.o
/usr/bin/cc   -D_GNU_SOURCE=1 -std=gnu11 -o CMakeFiles/cmTC_2090b.dir/CheckIncludeFile.c.o -c /src/build-linux-arm64/CMakeFiles/CMakeTmp/CheckIncludeFile.c
Linking C executable cmTC_2090b
/usr/bin/cmake -E cmake_link_script CMakeFiles/cmTC_2090b.dir/link.txt --verbose=1
/usr/bin/cc   -D_GNU_SOURCE=1 CMakeFiles/cmTC_2090b.dir/CheckIncludeFile.c.o -o cmTC_2090b 
gmake[1]: Leaving directory '/src/build-linux-arm64/CMakeFiles/CMakeTmp'



Determining if the include file sys/types.h exists passed with the following output:
Change Dir: /src/build-linux-arm64/CMakeFiles/CMakeTmp

Run Build Command(s):/usr/bin/gmake -f Makefile cmTC_1ffe4/fast && /usr/bin/gmake  -f CMakeFiles/cmTC_1ffe4.dir/build.make CMakeFiles/cmTC_1ffe4.dir/build
gmake[1]: Entering directory '/src/build-linux-arm64/CMakeFiles/CMakeTmp'
Building C object CMakeFiles/cmTC_1ffe4.dir/CheckIncludeFile.c.o
/usr/bin/cc   -D_GNU_SOURCE=1 -std=gnu11 -o CMakeFiles/cmTC_1ffe4.dir/CheckIncludeFile.c.o -c /src/build-linux-arm64/CMakeFiles/CMakeTmp/CheckIncludeFile.c
Linking C executable cmTC_1ffe4
/usr/bin/cmake -E cmake_link_script CMakeFiles/cmTC_1ffe4.dir/link.txt --verbose=1
/usr/bin/cc   -D_GNU_SOURCE=1 CMakeFiles/cmTC_1ffe4.dir/CheckIncludeFile.c.o -o cmTC_1ffe4 
gmake[1]: Leaving directory '/src/build-linux-arm64/CMakeFiles/CMakeTmp'



Determining if the include file time.h exists passed with the following output:
Change Dir: /src/build-linux-arm64/CMakeFiles/CMakeTmp

Run Build Command(s):/usr/bin/gmake -f Makefile cmTC_a231b/fast && /usr/bin/gmake  -f CMakeFiles/cmTC_a231b.dir/build.make CMakeFiles/cmTC_a231b.dir/build
gmake[1]: Entering directory '/src/build-linux-arm64/CMakeFiles/CMakeTmp'
Building C object CMakeFiles/cmTC_a231b.dir/CheckIncludeFile.c.o
/usr/bin/cc   -D_GNU_SOURCE=1 -std=gnu11 -o CMakeFiles/cmTC_a231b.dir/CheckIncludeFile.c.o -c /src/build-linux-arm64/CMakeFiles/CMakeTmp/CheckIncludeFile.c
Linking C executable cmTC_a231b
/usr/bin/cmake -E cmake_link_script CMakeFiles/cmTC_a231b.dir/link.txt --verbose=1
/usr/bin/cc   -D_GNU_SOURCE=1 CMakeFiles/cmTC_a231b.dir/CheckIncludeFile.c.o -o cmTC_a231b 
gmake[1]: Leaving directory '/src/build-linux-arm64/CMakeFiles/CMakeTmp'



Determining if the include file wchar.h exists passed with the following output:
Change Dir: /src/build-linux-arm64/CMakeFiles/CMakeTmp

Run Build Command(s):/usr/bin/gmake -f Makefile cmTC_633c3/fast && /usr/bin/gmake  -f CMakeFiles/cmTC_633c3.dir/build.make CMakeFiles/cmTC_633c3.dir/build
gmake[1]: Entering directory '/src/build-linux-arm64/CMakeFiles/CMakeTmp'
Building C object CMakeFiles/cmTC_633c3.dir/CheckIncludeFile.c.o
/usr/bin/cc   -D_GNU_SOURCE=1 -std=gnu11 -o CMakeFiles/cmTC_633c3.dir/CheckIncludeFile.c.o -c /src/build-linux-arm64/CMakeFiles/CMakeTmp/CheckIncludeFile.c
Linking C executable cmTC_633c3
/usr/bin/cmake -E cmake_link_script CMakeFiles/cmTC_633c3.dir/link.txt --verbose=1
/usr/bin/cc   -D_GNU_SOURCE=1 CMakeFiles/cmTC_633c3.dir/CheckIncludeFile.c.o -o cmTC_633c3 
gmake[1]: Leaving directory '/src/build-linux-arm64/CMakeFiles/CMakeTmp'



Determining if the function pow exists in the m passed with the following output:
Change Dir: /src/build-linux-arm64/CMakeFiles/CMakeTmp

Run Build Command(s):/usr/bin/gmake -f Makefile cmTC_53eee/fast && /usr/bin/gmake  -f CMakeFiles/cmTC_53eee.dir/build.make CMakeFiles/cmTC_53eee.dir/build
gmake[1]: Entering directory '/src/build-linux-arm64/CMakeFiles/CMakeTmp'
Building C object CMakeFiles/cmTC_53eee.dir/CheckFunctionExists.c.o
/usr/bin/cc   -DCHECK_FUNCTION_EXISTS=pow  -D_GNU_SOURCE=1 -std=gnu11 -o CMakeFiles/cmTC_53eee.dir/CheckFunctionExists.c.o -c /usr/share/cmake-3.22/Modules/CheckFunctionExists.c
<command-line>: warning: conflicting types for built-in function 'pow'; expected 'double(double,  double)' [-Wbuiltin-declaration-mismatch]
/usr/share/cmake-3.22/Modules/CheckFunctionExists.c:7:3: note: in expansion of macro 'CHECK_FUNCTION_EXISTS'
    7 |   CHECK_FUNCTION_EXISTS(void);
      |   ^~~~~~~~~~~~~~~~~~~~~
/usr/share/cmake-3.22/Modules/CheckFunctionExists.c:1:1: note: 'pow' is declared in header '<math.h>'
  +++ |+#include <math.h>
    1 | #ifdef CHECK_FUNCTION_EXISTS
Linking C executable cmTC_53eee
/usr/bin/cmake -E cmake_link_script CMakeFiles/cmTC_53eee.dir/link.txt --verbose=1
/usr/bin/cc  -DCHECK_FUNCTION_EXISTS=pow  -D_GNU_SOURCE=1 CMakeFiles/cmTC_53eee.dir/CheckFunctionExists.c.o -o cmTC_53eee  -lm 
gmake[1]: Leaving directory '/src/build-linux-arm64/CMakeFiles/CMakeTmp'



Determining if the abs exist passed with the following output:
Change Dir: /src/build-linux-arm64/CMakeFiles/CMakeTmp

Run Build Command(s):/usr/bin/gmake -f Makefile cmTC_4aa13/fast && /usr/bin/gmake  -f CMakeFiles/cmTC_4aa13.dir/build.make CMakeFiles/cmTC_4aa13.dir/build
gmake[1]: Entering directory '/src/build-linux-arm64/CMakeFiles/CMakeTmp'
Building C object CMakeFiles/cmTC_4aa13.dir/CheckSymbolExists.c.o
/usr/bin/cc   -D_GNU_SOURCE=1 -std=gnu11 -o CMakeFiles/cmTC_4aa13.dir/CheckSymbolExists.c.o -c /src/build-linux-arm64/CMakeFiles/CMakeTmp/CheckSymbolExists.c
Linking C executable cmTC_4aa13
/usr/bin/cmake -E cmake_link_script CMakeFiles/cmTC_4aa13.dir/link.txt --verbose=1
/usr/bin/cc   -D_GNU_SOURCE=1 CMakeFiles/cmTC_4aa13.dir/CheckSymbolExists.c.o -o cmTC_4aa13  -lm 
gmake[1]: Leaving directory '/src/build-linux-arm64/CMakeFiles/CMakeTmp'


File /src/build-linux-arm64/CMakeFiles/CMakeTmp/CheckSymbolExists.c:
/* */
#include <float.h>
#include <iconv.h>
#include <inttypes.h>
#include <limits.h>
#include <malloc.h>
#include <math.h>
#include <memory.h>
#include <signal.h>
#include <stdarg.h>
#include <stdbool.h>
#include <stddef.h>
#include <stdint.h>
#include <stdio.h>
#include <stdlib.h>
#include <string.h>
#include <strings.h>
#include <sys/types.h>
#include <time.h>
#include <wchar.h>

int main(int argc, char** argv)
{
  (void)argv;
#ifndef abs
  return ((int*)(&abs))[argc];
#else
  (void)argc;
  return 0;
#endif
}
Determining if the acos exist passed with the following output:
Change Dir: /src/build-linux-arm64/CMakeFiles/CMakeTmp

Run Build Command(s):/usr/bin/gmake -f Makefile cmTC_4f145/fast && /usr/bin/gmake  -f CMakeFiles/cmTC_4f145.dir/build.make CMakeFiles/cmTC_4f145.dir/build
gmake[1]: Entering directory '/src/build-linux-arm64/CMakeFiles/CMakeTmp'
Building C object CMakeFiles/cmTC_4f145.dir/CheckSymbolExists.c.o
/usr/bin/cc   -D_GNU_SOURCE=1 -std=gnu11 -o CMakeFiles/cmTC_4f145.dir/CheckSymbolExists.c.o -c /src/build-linux-arm64/CMakeFiles/CMakeTmp/CheckSymbolExists.c
Linking C executable cmTC_4f145
/usr/bin/cmake -E cmake_link_script CMakeFiles/cmTC_4f145.dir/link.txt --verbose=1
/usr/bin/cc   -D_GNU_SOURCE=1 CMakeFiles/cmTC_4f145.dir/CheckSymbolExists.c.o -o cmTC_4f145  -lm 
gmake[1]: Leaving directory '/src/build-linux-arm64/CMakeFiles/CMakeTmp'


File /src/build-linux-arm64/CMakeFiles/CMakeTmp/CheckSymbolExists.c:
/* */
#include <float.h>
#include <iconv.h>
#include <inttypes.h>
#include <limits.h>
#include <malloc.h>
#include <math.h>
#include <memory.h>
#include <signal.h>
#include <stdarg.h>
#include <stdbool.h>
#include <stddef.h>
#include <stdint.h>
#include <stdio.h>
#include <stdlib.h>
#include <string.h>
#include <strings.h>
#include <sys/types.h>
#include <time.h>
#include <wchar.h>

int main(int argc, char** argv)
{
  (void)argv;
#ifndef acos
  return ((int*)(&acos))[argc];
#else
  (void)argc;
  return 0;
#endif
}
Determining if the acosf exist passed with the following output:
Change Dir: /src/build-linux-arm64/CMakeFiles/CMakeTmp

Run Build Command(s):/usr/bin/gmake -f Makefile cmTC_baf2f/fast && /usr/bin/gmake  -f CMakeFiles/cmTC_baf2f.dir/build.make CMakeFiles/cmTC_baf2f.dir/build
gmake[1]: Entering directory '/src/build-linux-arm64/CMakeFiles/CMakeTmp'
Building C object CMakeFiles/cmTC_baf2f.dir/CheckSymbolExists.c.o
/usr/bin/cc   -D_GNU_SOURCE=1 -std=gnu11 -o CMakeFiles/cmTC_baf2f.dir/CheckSymbolExists.c.o -c /src/build-linux-arm64/CMakeFiles/CMakeTmp/CheckSymbolExists.c
Linking C executable cmTC_baf2f
/usr/bin/cmake -E cmake_link_script CMakeFiles/cmTC_baf2f.dir/link.txt --verbose=1
/usr/bin/cc   -D_GNU_SOURCE=1 CMakeFiles/cmTC_baf2f.dir/CheckSymbolExists.c.o -o cmTC_baf2f  -lm 
gmake[1]: Leaving directory '/src/build-linux-arm64/CMakeFiles/CMakeTmp'


File /src/build-linux-arm64/CMakeFiles/CMakeTmp/CheckSymbolExists.c:
/* */
#include <float.h>
#include <iconv.h>
#include <inttypes.h>
#include <limits.h>
#include <malloc.h>
#include <math.h>
#include <memory.h>
#include <signal.h>
#include <stdarg.h>
#include <stdbool.h>
#include <stddef.h>
#include <stdint.h>
#include <stdio.h>
#include <stdlib.h>
#include <string.h>
#include <strings.h>
#include <sys/types.h>
#include <time.h>
#include <wchar.h>

int main(int argc, char** argv)
{
  (void)argv;
#ifndef acosf
  return ((int*)(&acosf))[argc];
#else
  (void)argc;
  return 0;
#endif
}
Determining if the asin exist passed with the following output:
Change Dir: /src/build-linux-arm64/CMakeFiles/CMakeTmp

Run Build Command(s):/usr/bin/gmake -f Makefile cmTC_7adf2/fast && /usr/bin/gmake  -f CMakeFiles/cmTC_7adf2.dir/build.make CMakeFiles/cmTC_7adf2.dir/build
gmake[1]: Entering directory '/src/build-linux-arm64/CMakeFiles/CMakeTmp'
Building C object CMakeFiles/cmTC_7adf2.dir/CheckSymbolExists.c.o
/usr/bin/cc   -D_GNU_SOURCE=1 -std=gnu11 -o CMakeFiles/cmTC_7adf2.dir/CheckSymbolExists.c.o -c /src/build-linux-arm64/CMakeFiles/CMakeTmp/CheckSymbolExists.c
Linking C executable cmTC_7adf2
/usr/bin/cmake -E cmake_link_script CMakeFiles/cmTC_7adf2.dir/link.txt --verbose=1
/usr/bin/cc   -D_GNU_SOURCE=1 CMakeFiles/cmTC_7adf2.dir/CheckSymbolExists.c.o -o cmTC_7adf2  -lm 
gmake[1]: Leaving directory '/src/build-linux-arm64/CMakeFiles/CMakeTmp'


File /src/build-linux-arm64/CMakeFiles/CMakeTmp/CheckSymbolExists.c:
/* */
#include <float.h>
#include <iconv.h>
#include <inttypes.h>
#include <limits.h>
#include <malloc.h>
#include <math.h>
#include <memory.h>
#include <signal.h>
#include <stdarg.h>
#include <stdbool.h>
#include <stddef.h>
#include <stdint.h>
#include <stdio.h>
#include <stdlib.h>
#include <string.h>
#include <strings.h>
#include <sys/types.h>
#include <time.h>
#include <wchar.h>

int main(int argc, char** argv)
{
  (void)argv;
#ifndef asin
  return ((int*)(&asin))[argc];
#else
  (void)argc;
  return 0;
#endif
}
Determining if the asinf exist passed with the following output:
Change Dir: /src/build-linux-arm64/CMakeFiles/CMakeTmp

Run Build Command(s):/usr/bin/gmake -f Makefile cmTC_077ee/fast && /usr/bin/gmake  -f CMakeFiles/cmTC_077ee.dir/build.make CMakeFiles/cmTC_077ee.dir/build
gmake[1]: Entering directory '/src/build-linux-arm64/CMakeFiles/CMakeTmp'
Building C object CMakeFiles/cmTC_077ee.dir/CheckSymbolExists.c.o
/usr/bin/cc   -D_GNU_SOURCE=1 -std=gnu11 -o CMakeFiles/cmTC_077ee.dir/CheckSymbolExists.c.o -c /src/build-linux-arm64/CMakeFiles/CMakeTmp/CheckSymbolExists.c
Linking C executable cmTC_077ee
/usr/bin/cmake -E cmake_link_script CMakeFiles/cmTC_077ee.dir/link.txt --verbose=1
/usr/bin/cc   -D_GNU_SOURCE=1 CMakeFiles/cmTC_077ee.dir/CheckSymbolExists.c.o -o cmTC_077ee  -lm 
gmake[1]: Leaving directory '/src/build-linux-arm64/CMakeFiles/CMakeTmp'


File /src/build-linux-arm64/CMakeFiles/CMakeTmp/CheckSymbolExists.c:
/* */
#include <float.h>
#include <iconv.h>
#include <inttypes.h>
#include <limits.h>
#include <malloc.h>
#include <math.h>
#include <memory.h>
#include <signal.h>
#include <stdarg.h>
#include <stdbool.h>
#include <stddef.h>
#include <stdint.h>
#include <stdio.h>
#include <stdlib.h>
#include <string.h>
#include <strings.h>
#include <sys/types.h>
#include <time.h>
#include <wchar.h>

int main(int argc, char** argv)
{
  (void)argv;
#ifndef asinf
  return ((int*)(&asinf))[argc];
#else
  (void)argc;
  return 0;
#endif
}
Determining if the atan exist passed with the following output:
Change Dir: /src/build-linux-arm64/CMakeFiles/CMakeTmp

Run Build Command(s):/usr/bin/gmake -f Makefile cmTC_a89be/fast && /usr/bin/gmake  -f CMakeFiles/cmTC_a89be.dir/build.make CMakeFiles/cmTC_a89be.dir/build
gmake[1]: Entering directory '/src/build-linux-arm64/CMakeFiles/CMakeTmp'
Building C object CMakeFiles/cmTC_a89be.dir/CheckSymbolExists.c.o
/usr/bin/cc   -D_GNU_SOURCE=1 -std=gnu11 -o CMakeFiles/cmTC_a89be.dir/CheckSymbolExists.c.o -c /src/build-linux-arm64/CMakeFiles/CMakeTmp/CheckSymbolExists.c
Linking C executable cmTC_a89be
/usr/bin/cmake -E cmake_link_script CMakeFiles/cmTC_a89be.dir/link.txt --verbose=1
/usr/bin/cc   -D_GNU_SOURCE=1 CMakeFiles/cmTC_a89be.dir/CheckSymbolExists.c.o -o cmTC_a89be  -lm 
gmake[1]: Leaving directory '/src/build-linux-arm64/CMakeFiles/CMakeTmp'


File /src/build-linux-arm64/CMakeFiles/CMakeTmp/CheckSymbolExists.c:
/* */
#include <float.h>
#include <iconv.h>
#include <inttypes.h>
#include <limits.h>
#include <malloc.h>
#include <math.h>
#include <memory.h>
#include <signal.h>
#include <stdarg.h>
#include <stdbool.h>
#include <stddef.h>
#include <stdint.h>
#include <stdio.h>
#include <stdlib.h>
#include <string.h>
#include <strings.h>
#include <sys/types.h>
#include <time.h>
#include <wchar.h>

int main(int argc, char** argv)
{
  (void)argv;
#ifndef atan
  return ((int*)(&atan))[argc];
#else
  (void)argc;
  return 0;
#endif
}
Determining if the atan2 exist passed with the following output:
Change Dir: /src/build-linux-arm64/CMakeFiles/CMakeTmp

Run Build Command(s):/usr/bin/gmake -f Makefile cmTC_df755/fast && /usr/bin/gmake  -f CMakeFiles/cmTC_df755.dir/build.make CMakeFiles/cmTC_df755.dir/build
gmake[1]: Entering directory '/src/build-linux-arm64/CMakeFiles/CMakeTmp'
Building C object CMakeFiles/cmTC_df755.dir/CheckSymbolExists.c.o
/usr/bin/cc   -D_GNU_SOURCE=1 -std=gnu11 -o CMakeFiles/cmTC_df755.dir/CheckSymbolExists.c.o -c /src/build-linux-arm64/CMakeFiles/CMakeTmp/CheckSymbolExists.c
Linking C executable cmTC_df755
/usr/bin/cmake -E cmake_link_script CMakeFiles/cmTC_df755.dir/link.txt --verbose=1
/usr/bin/cc   -D_GNU_SOURCE=1 CMakeFiles/cmTC_df755.dir/CheckSymbolExists.c.o -o cmTC_df755  -lm 
gmake[1]: Leaving directory '/src/build-linux-arm64/CMakeFiles/CMakeTmp'


File /src/build-linux-arm64/CMakeFiles/CMakeTmp/CheckSymbolExists.c:
/* */
#include <float.h>
#include <iconv.h>
#include <inttypes.h>
#include <limits.h>
#include <malloc.h>
#include <math.h>
#include <memory.h>
#include <signal.h>
#include <stdarg.h>
#include <stdbool.h>
#include <stddef.h>
#include <stdint.h>
#include <stdio.h>
#include <stdlib.h>
#include <string.h>
#include <strings.h>
#include <sys/types.h>
#include <time.h>
#include <wchar.h>

int main(int argc, char** argv)
{
  (void)argv;
#ifndef atan2
  return ((int*)(&atan2))[argc];
#else
  (void)argc;
  return 0;
#endif
}
Determining if the atan2f exist passed with the following output:
Change Dir: /src/build-linux-arm64/CMakeFiles/CMakeTmp

Run Build Command(s):/usr/bin/gmake -f Makefile cmTC_d0b33/fast && /usr/bin/gmake  -f CMakeFiles/cmTC_d0b33.dir/build.make CMakeFiles/cmTC_d0b33.dir/build
gmake[1]: Entering directory '/src/build-linux-arm64/CMakeFiles/CMakeTmp'
Building C object CMakeFiles/cmTC_d0b33.dir/CheckSymbolExists.c.o
/usr/bin/cc   -D_GNU_SOURCE=1 -std=gnu11 -o CMakeFiles/cmTC_d0b33.dir/CheckSymbolExists.c.o -c /src/build-linux-arm64/CMakeFiles/CMakeTmp/CheckSymbolExists.c
Linking C executable cmTC_d0b33
/usr/bin/cmake -E cmake_link_script CMakeFiles/cmTC_d0b33.dir/link.txt --verbose=1
/usr/bin/cc   -D_GNU_SOURCE=1 CMakeFiles/cmTC_d0b33.dir/CheckSymbolExists.c.o -o cmTC_d0b33  -lm 
gmake[1]: Leaving directory '/src/build-linux-arm64/CMakeFiles/CMakeTmp'


File /src/build-linux-arm64/CMakeFiles/CMakeTmp/CheckSymbolExists.c:
/* */
#include <float.h>
#include <iconv.h>
#include <inttypes.h>
#include <limits.h>
#include <malloc.h>
#include <math.h>
#include <memory.h>
#include <signal.h>
#include <stdarg.h>
#include <stdbool.h>
#include <stddef.h>
#include <stdint.h>
#include <stdio.h>
#include <stdlib.h>
#include <string.h>
#include <strings.h>
#include <sys/types.h>
#include <time.h>
#include <wchar.h>

int main(int argc, char** argv)
{
  (void)argv;
#ifndef atan2f
  return ((int*)(&atan2f))[argc];
#else
  (void)argc;
  return 0;
#endif
}
Determining if the atanf exist passed with the following output:
Change Dir: /src/build-linux-arm64/CMakeFiles/CMakeTmp

Run Build Command(s):/usr/bin/gmake -f Makefile cmTC_c8c5a/fast && /usr/bin/gmake  -f CMakeFiles/cmTC_c8c5a.dir/build.make CMakeFiles/cmTC_c8c5a.dir/build
gmake[1]: Entering directory '/src/build-linux-arm64/CMakeFiles/CMakeTmp'
Building C object CMakeFiles/cmTC_c8c5a.dir/CheckSymbolExists.c.o
/usr/bin/cc   -D_GNU_SOURCE=1 -std=gnu11 -o CMakeFiles/cmTC_c8c5a.dir/CheckSymbolExists.c.o -c /src/build-linux-arm64/CMakeFiles/CMakeTmp/CheckSymbolExists.c
Linking C executable cmTC_c8c5a
/usr/bin/cmake -E cmake_link_script CMakeFiles/cmTC_c8c5a.dir/link.txt --verbose=1
/usr/bin/cc   -D_GNU_SOURCE=1 CMakeFiles/cmTC_c8c5a.dir/CheckSymbolExists.c.o -o cmTC_c8c5a  -lm 
gmake[1]: Leaving directory '/src/build-linux-arm64/CMakeFiles/CMakeTmp'


File /src/build-linux-arm64/CMakeFiles/CMakeTmp/CheckSymbolExists.c:
/* */
#include <float.h>
#include <iconv.h>
#include <inttypes.h>
#include <limits.h>
#include <malloc.h>
#include <math.h>
#include <memory.h>
#include <signal.h>
#include <stdarg.h>
#include <stdbool.h>
#include <stddef.h>
#include <stdint.h>
#include <stdio.h>
#include <stdlib.h>
#include <string.h>
#include <strings.h>
#include <sys/types.h>
#include <time.h>
#include <wchar.h>

int main(int argc, char** argv)
{
  (void)argv;
#ifndef atanf
  return ((int*)(&atanf))[argc];
#else
  (void)argc;
  return 0;
#endif
}
Determining if the atof exist passed with the following output:
Change Dir: /src/build-linux-arm64/CMakeFiles/CMakeTmp

Run Build Command(s):/usr/bin/gmake -f Makefile cmTC_0fe9a/fast && /usr/bin/gmake  -f CMakeFiles/cmTC_0fe9a.dir/build.make CMakeFiles/cmTC_0fe9a.dir/build
gmake[1]: Entering directory '/src/build-linux-arm64/CMakeFiles/CMakeTmp'
Building C object CMakeFiles/cmTC_0fe9a.dir/CheckSymbolExists.c.o
/usr/bin/cc   -D_GNU_SOURCE=1 -std=gnu11 -o CMakeFiles/cmTC_0fe9a.dir/CheckSymbolExists.c.o -c /src/build-linux-arm64/CMakeFiles/CMakeTmp/CheckSymbolExists.c
Linking C executable cmTC_0fe9a
/usr/bin/cmake -E cmake_link_script CMakeFiles/cmTC_0fe9a.dir/link.txt --verbose=1
/usr/bin/cc   -D_GNU_SOURCE=1 CMakeFiles/cmTC_0fe9a.dir/CheckSymbolExists.c.o -o cmTC_0fe9a  -lm 
gmake[1]: Leaving directory '/src/build-linux-arm64/CMakeFiles/CMakeTmp'


File /src/build-linux-arm64/CMakeFiles/CMakeTmp/CheckSymbolExists.c:
/* */
#include <float.h>
#include <iconv.h>
#include <inttypes.h>
#include <limits.h>
#include <malloc.h>
#include <math.h>
#include <memory.h>
#include <signal.h>
#include <stdarg.h>
#include <stdbool.h>
#include <stddef.h>
#include <stdint.h>
#include <stdio.h>
#include <stdlib.h>
#include <string.h>
#include <strings.h>
#include <sys/types.h>
#include <time.h>
#include <wchar.h>

int main(int argc, char** argv)
{
  (void)argv;
#ifndef atof
  return ((int*)(&atof))[argc];
#else
  (void)argc;
  return 0;
#endif
}
Determining if the atoi exist passed with the following output:
Change Dir: /src/build-linux-arm64/CMakeFiles/CMakeTmp

Run Build Command(s):/usr/bin/gmake -f Makefile cmTC_15f04/fast && /usr/bin/gmake  -f CMakeFiles/cmTC_15f04.dir/build.make CMakeFiles/cmTC_15f04.dir/build
gmake[1]: Entering directory '/src/build-linux-arm64/CMakeFiles/CMakeTmp'
Building C object CMakeFiles/cmTC_15f04.dir/CheckSymbolExists.c.o
/usr/bin/cc   -D_GNU_SOURCE=1 -std=gnu11 -o CMakeFiles/cmTC_15f04.dir/CheckSymbolExists.c.o -c /src/build-linux-arm64/CMakeFiles/CMakeTmp/CheckSymbolExists.c
Linking C executable cmTC_15f04
/usr/bin/cmake -E cmake_link_script CMakeFiles/cmTC_15f04.dir/link.txt --verbose=1
/usr/bin/cc   -D_GNU_SOURCE=1 CMakeFiles/cmTC_15f04.dir/CheckSymbolExists.c.o -o cmTC_15f04  -lm 
gmake[1]: Leaving directory '/src/build-linux-arm64/CMakeFiles/CMakeTmp'


File /src/build-linux-arm64/CMakeFiles/CMakeTmp/CheckSymbolExists.c:
/* */
#include <float.h>
#include <iconv.h>
#include <inttypes.h>
#include <limits.h>
#include <malloc.h>
#include <math.h>
#include <memory.h>
#include <signal.h>
#include <stdarg.h>
#include <stdbool.h>
#include <stddef.h>
#include <stdint.h>
#include <stdio.h>
#include <stdlib.h>
#include <string.h>
#include <strings.h>
#include <sys/types.h>
#include <time.h>
#include <wchar.h>

int main(int argc, char** argv)
{
  (void)argv;
#ifndef atoi
  return ((int*)(&atoi))[argc];
#else
  (void)argc;
  return 0;
#endif
}
Determining if the bcopy exist passed with the following output:
Change Dir: /src/build-linux-arm64/CMakeFiles/CMakeTmp

Run Build Command(s):/usr/bin/gmake -f Makefile cmTC_0ae54/fast && /usr/bin/gmake  -f CMakeFiles/cmTC_0ae54.dir/build.make CMakeFiles/cmTC_0ae54.dir/build
gmake[1]: Entering directory '/src/build-linux-arm64/CMakeFiles/CMakeTmp'
Building C object CMakeFiles/cmTC_0ae54.dir/CheckSymbolExists.c.o
/usr/bin/cc   -D_GNU_SOURCE=1 -std=gnu11 -o CMakeFiles/cmTC_0ae54.dir/CheckSymbolExists.c.o -c /src/build-linux-arm64/CMakeFiles/CMakeTmp/CheckSymbolExists.c
Linking C executable cmTC_0ae54
/usr/bin/cmake -E cmake_link_script CMakeFiles/cmTC_0ae54.dir/link.txt --verbose=1
/usr/bin/cc   -D_GNU_SOURCE=1 CMakeFiles/cmTC_0ae54.dir/CheckSymbolExists.c.o -o cmTC_0ae54  -lm 
gmake[1]: Leaving directory '/src/build-linux-arm64/CMakeFiles/CMakeTmp'


File /src/build-linux-arm64/CMakeFiles/CMakeTmp/CheckSymbolExists.c:
/* */
#include <float.h>
#include <iconv.h>
#include <inttypes.h>
#include <limits.h>
#include <malloc.h>
#include <math.h>
#include <memory.h>
#include <signal.h>
#include <stdarg.h>
#include <stdbool.h>
#include <stddef.h>
#include <stdint.h>
#include <stdio.h>
#include <stdlib.h>
#include <string.h>
#include <strings.h>
#include <sys/types.h>
#include <time.h>
#include <wchar.h>

int main(int argc, char** argv)
{
  (void)argv;
#ifndef bcopy
  return ((int*)(&bcopy))[argc];
#else
  (void)argc;
  return 0;
#endif
}
Determining if the ceil exist passed with the following output:
Change Dir: /src/build-linux-arm64/CMakeFiles/CMakeTmp

Run Build Command(s):/usr/bin/gmake -f Makefile cmTC_fb053/fast && /usr/bin/gmake  -f CMakeFiles/cmTC_fb053.dir/build.make CMakeFiles/cmTC_fb053.dir/build
gmake[1]: Entering directory '/src/build-linux-arm64/CMakeFiles/CMakeTmp'
Building C object CMakeFiles/cmTC_fb053.dir/CheckSymbolExists.c.o
/usr/bin/cc   -D_GNU_SOURCE=1 -std=gnu11 -o CMakeFiles/cmTC_fb053.dir/CheckSymbolExists.c.o -c /src/build-linux-arm64/CMakeFiles/CMakeTmp/CheckSymbolExists.c
Linking C executable cmTC_fb053
/usr/bin/cmake -E cmake_link_script CMakeFiles/cmTC_fb053.dir/link.txt --verbose=1
/usr/bin/cc   -D_GNU_SOURCE=1 CMakeFiles/cmTC_fb053.dir/CheckSymbolExists.c.o -o cmTC_fb053  -lm 
gmake[1]: Leaving directory '/src/build-linux-arm64/CMakeFiles/CMakeTmp'


File /src/build-linux-arm64/CMakeFiles/CMakeTmp/CheckSymbolExists.c:
/* */
#include <float.h>
#include <iconv.h>
#include <inttypes.h>
#include <limits.h>
#include <malloc.h>
#include <math.h>
#include <memory.h>
#include <signal.h>
#include <stdarg.h>
#include <stdbool.h>
#include <stddef.h>
#include <stdint.h>
#include <stdio.h>
#include <stdlib.h>
#include <string.h>
#include <strings.h>
#include <sys/types.h>
#include <time.h>
#include <wchar.h>

int main(int argc, char** argv)
{
  (void)argv;
#ifndef ceil
  return ((int*)(&ceil))[argc];
#else
  (void)argc;
  return 0;
#endif
}
Determining if the ceilf exist passed with the following output:
Change Dir: /src/build-linux-arm64/CMakeFiles/CMakeTmp

Run Build Command(s):/usr/bin/gmake -f Makefile cmTC_6ed2a/fast && /usr/bin/gmake  -f CMakeFiles/cmTC_6ed2a.dir/build.make CMakeFiles/cmTC_6ed2a.dir/build
gmake[1]: Entering directory '/src/build-linux-arm64/CMakeFiles/CMakeTmp'
Building C object CMakeFiles/cmTC_6ed2a.dir/CheckSymbolExists.c.o
/usr/bin/cc   -D_GNU_SOURCE=1 -std=gnu11 -o CMakeFiles/cmTC_6ed2a.dir/CheckSymbolExists.c.o -c /src/build-linux-arm64/CMakeFiles/CMakeTmp/CheckSymbolExists.c
Linking C executable cmTC_6ed2a
/usr/bin/cmake -E cmake_link_script CMakeFiles/cmTC_6ed2a.dir/link.txt --verbose=1
/usr/bin/cc   -D_GNU_SOURCE=1 CMakeFiles/cmTC_6ed2a.dir/CheckSymbolExists.c.o -o cmTC_6ed2a  -lm 
gmake[1]: Leaving directory '/src/build-linux-arm64/CMakeFiles/CMakeTmp'


File /src/build-linux-arm64/CMakeFiles/CMakeTmp/CheckSymbolExists.c:
/* */
#include <float.h>
#include <iconv.h>
#include <inttypes.h>
#include <limits.h>
#include <malloc.h>
#include <math.h>
#include <memory.h>
#include <signal.h>
#include <stdarg.h>
#include <stdbool.h>
#include <stddef.h>
#include <stdint.h>
#include <stdio.h>
#include <stdlib.h>
#include <string.h>
#include <strings.h>
#include <sys/types.h>
#include <time.h>
#include <wchar.h>

int main(int argc, char** argv)
{
  (void)argv;
#ifndef ceilf
  return ((int*)(&ceilf))[argc];
#else
  (void)argc;
  return 0;
#endif
}
Determining if the copysign exist passed with the following output:
Change Dir: /src/build-linux-arm64/CMakeFiles/CMakeTmp

Run Build Command(s):/usr/bin/gmake -f Makefile cmTC_cdd47/fast && /usr/bin/gmake  -f CMakeFiles/cmTC_cdd47.dir/build.make CMakeFiles/cmTC_cdd47.dir/build
gmake[1]: Entering directory '/src/build-linux-arm64/CMakeFiles/CMakeTmp'
Building C object CMakeFiles/cmTC_cdd47.dir/CheckSymbolExists.c.o
/usr/bin/cc   -D_GNU_SOURCE=1 -std=gnu11 -o CMakeFiles/cmTC_cdd47.dir/CheckSymbolExists.c.o -c /src/build-linux-arm64/CMakeFiles/CMakeTmp/CheckSymbolExists.c
Linking C executable cmTC_cdd47
/usr/bin/cmake -E cmake_link_script CMakeFiles/cmTC_cdd47.dir/link.txt --verbose=1
/usr/bin/cc   -D_GNU_SOURCE=1 CMakeFiles/cmTC_cdd47.dir/CheckSymbolExists.c.o -o cmTC_cdd47  -lm 
gmake[1]: Leaving directory '/src/build-linux-arm64/CMakeFiles/CMakeTmp'


File /src/build-linux-arm64/CMakeFiles/CMakeTmp/CheckSymbolExists.c:
/* */
#include <float.h>
#include <iconv.h>
#include <inttypes.h>
#include <limits.h>
#include <malloc.h>
#include <math.h>
#include <memory.h>
#include <signal.h>
#include <stdarg.h>
#include <stdbool.h>
#include <stddef.h>
#include <stdint.h>
#include <stdio.h>
#include <stdlib.h>
#include <string.h>
#include <strings.h>
#include <sys/types.h>
#include <time.h>
#include <wchar.h>

int main(int argc, char** argv)
{
  (void)argv;
#ifndef copysign
  return ((int*)(&copysign))[argc];
#else
  (void)argc;
  return 0;
#endif
}
Determining if the copysignf exist passed with the following output:
Change Dir: /src/build-linux-arm64/CMakeFiles/CMakeTmp

Run Build Command(s):/usr/bin/gmake -f Makefile cmTC_e88b2/fast && /usr/bin/gmake  -f CMakeFiles/cmTC_e88b2.dir/build.make CMakeFiles/cmTC_e88b2.dir/build
gmake[1]: Entering directory '/src/build-linux-arm64/CMakeFiles/CMakeTmp'
Building C object CMakeFiles/cmTC_e88b2.dir/CheckSymbolExists.c.o
/usr/bin/cc   -D_GNU_SOURCE=1 -std=gnu11 -o CMakeFiles/cmTC_e88b2.dir/CheckSymbolExists.c.o -c /src/build-linux-arm64/CMakeFiles/CMakeTmp/CheckSymbolExists.c
Linking C executable cmTC_e88b2
/usr/bin/cmake -E cmake_link_script CMakeFiles/cmTC_e88b2.dir/link.txt --verbose=1
/usr/bin/cc   -D_GNU_SOURCE=1 CMakeFiles/cmTC_e88b2.dir/CheckSymbolExists.c.o -o cmTC_e88b2  -lm 
gmake[1]: Leaving directory '/src/build-linux-arm64/CMakeFiles/CMakeTmp'


File /src/build-linux-arm64/CMakeFiles/CMakeTmp/CheckSymbolExists.c:
/* */
#include <float.h>
#include <iconv.h>
#include <inttypes.h>
#include <limits.h>
#include <malloc.h>
#include <math.h>
#include <memory.h>
#include <signal.h>
#include <stdarg.h>
#include <stdbool.h>
#include <stddef.h>
#include <stdint.h>
#include <stdio.h>
#include <stdlib.h>
#include <string.h>
#include <strings.h>
#include <sys/types.h>
#include <time.h>
#include <wchar.h>

int main(int argc, char** argv)
{
  (void)argv;
#ifndef copysignf
  return ((int*)(&copysignf))[argc];
#else
  (void)argc;
  return 0;
#endif
}
Determining if the cos exist passed with the following output:
Change Dir: /src/build-linux-arm64/CMakeFiles/CMakeTmp

Run Build Command(s):/usr/bin/gmake -f Makefile cmTC_3f6ee/fast && /usr/bin/gmake  -f CMakeFiles/cmTC_3f6ee.dir/build.make CMakeFiles/cmTC_3f6ee.dir/build
gmake[1]: Entering directory '/src/build-linux-arm64/CMakeFiles/CMakeTmp'
Building C object CMakeFiles/cmTC_3f6ee.dir/CheckSymbolExists.c.o
/usr/bin/cc   -D_GNU_SOURCE=1 -std=gnu11 -o CMakeFiles/cmTC_3f6ee.dir/CheckSymbolExists.c.o -c /src/build-linux-arm64/CMakeFiles/CMakeTmp/CheckSymbolExists.c
Linking C executable cmTC_3f6ee
/usr/bin/cmake -E cmake_link_script CMakeFiles/cmTC_3f6ee.dir/link.txt --verbose=1
/usr/bin/cc   -D_GNU_SOURCE=1 CMakeFiles/cmTC_3f6ee.dir/CheckSymbolExists.c.o -o cmTC_3f6ee  -lm 
gmake[1]: Leaving directory '/src/build-linux-arm64/CMakeFiles/CMakeTmp'


File /src/build-linux-arm64/CMakeFiles/CMakeTmp/CheckSymbolExists.c:
/* */
#include <float.h>
#include <iconv.h>
#include <inttypes.h>
#include <limits.h>
#include <malloc.h>
#include <math.h>
#include <memory.h>
#include <signal.h>
#include <stdarg.h>
#include <stdbool.h>
#include <stddef.h>
#include <stdint.h>
#include <stdio.h>
#include <stdlib.h>
#include <string.h>
#include <strings.h>
#include <sys/types.h>
#include <time.h>
#include <wchar.h>

int main(int argc, char** argv)
{
  (void)argv;
#ifndef cos
  return ((int*)(&cos))[argc];
#else
  (void)argc;
  return 0;
#endif
}
Determining if the cosf exist passed with the following output:
Change Dir: /src/build-linux-arm64/CMakeFiles/CMakeTmp

Run Build Command(s):/usr/bin/gmake -f Makefile cmTC_25410/fast && /usr/bin/gmake  -f CMakeFiles/cmTC_25410.dir/build.make CMakeFiles/cmTC_25410.dir/build
gmake[1]: Entering directory '/src/build-linux-arm64/CMakeFiles/CMakeTmp'
Building C object CMakeFiles/cmTC_25410.dir/CheckSymbolExists.c.o
/usr/bin/cc   -D_GNU_SOURCE=1 -std=gnu11 -o CMakeFiles/cmTC_25410.dir/CheckSymbolExists.c.o -c /src/build-linux-arm64/CMakeFiles/CMakeTmp/CheckSymbolExists.c
Linking C executable cmTC_25410
/usr/bin/cmake -E cmake_link_script CMakeFiles/cmTC_25410.dir/link.txt --verbose=1
/usr/bin/cc   -D_GNU_SOURCE=1 CMakeFiles/cmTC_25410.dir/CheckSymbolExists.c.o -o cmTC_25410  -lm 
gmake[1]: Leaving directory '/src/build-linux-arm64/CMakeFiles/CMakeTmp'


File /src/build-linux-arm64/CMakeFiles/CMakeTmp/CheckSymbolExists.c:
/* */
#include <float.h>
#include <iconv.h>
#include <inttypes.h>
#include <limits.h>
#include <malloc.h>
#include <math.h>
#include <memory.h>
#include <signal.h>
#include <stdarg.h>
#include <stdbool.h>
#include <stddef.h>
#include <stdint.h>
#include <stdio.h>
#include <stdlib.h>
#include <string.h>
#include <strings.h>
#include <sys/types.h>
#include <time.h>
#include <wchar.h>

int main(int argc, char** argv)
{
  (void)argv;
#ifndef cosf
  return ((int*)(&cosf))[argc];
#else
  (void)argc;
  return 0;
#endif
}
Determining if the _Exit exist passed with the following output:
Change Dir: /src/build-linux-arm64/CMakeFiles/CMakeTmp

Run Build Command(s):/usr/bin/gmake -f Makefile cmTC_c3a7b/fast && /usr/bin/gmake  -f CMakeFiles/cmTC_c3a7b.dir/build.make CMakeFiles/cmTC_c3a7b.dir/build
gmake[1]: Entering directory '/src/build-linux-arm64/CMakeFiles/CMakeTmp'
Building C object CMakeFiles/cmTC_c3a7b.dir/CheckSymbolExists.c.o
/usr/bin/cc   -D_GNU_SOURCE=1 -std=gnu11 -o CMakeFiles/cmTC_c3a7b.dir/CheckSymbolExists.c.o -c /src/build-linux-arm64/CMakeFiles/CMakeTmp/CheckSymbolExists.c
Linking C executable cmTC_c3a7b
/usr/bin/cmake -E cmake_link_script CMakeFiles/cmTC_c3a7b.dir/link.txt --verbose=1
/usr/bin/cc   -D_GNU_SOURCE=1 CMakeFiles/cmTC_c3a7b.dir/CheckSymbolExists.c.o -o cmTC_c3a7b  -lm 
gmake[1]: Leaving directory '/src/build-linux-arm64/CMakeFiles/CMakeTmp'


File /src/build-linux-arm64/CMakeFiles/CMakeTmp/CheckSymbolExists.c:
/* */
#include <float.h>
#include <iconv.h>
#include <inttypes.h>
#include <limits.h>
#include <malloc.h>
#include <math.h>
#include <memory.h>
#include <signal.h>
#include <stdarg.h>
#include <stdbool.h>
#include <stddef.h>
#include <stdint.h>
#include <stdio.h>
#include <stdlib.h>
#include <string.h>
#include <strings.h>
#include <sys/types.h>
#include <time.h>
#include <wchar.h>

int main(int argc, char** argv)
{
  (void)argv;
#ifndef _Exit
  return ((int*)(&_Exit))[argc];
#else
  (void)argc;
  return 0;
#endif
}
Determining if the exp exist passed with the following output:
Change Dir: /src/build-linux-arm64/CMakeFiles/CMakeTmp

Run Build Command(s):/usr/bin/gmake -f Makefile cmTC_0c201/fast && /usr/bin/gmake  -f CMakeFiles/cmTC_0c201.dir/build.make CMakeFiles/cmTC_0c201.dir/build
gmake[1]: Entering directory '/src/build-linux-arm64/CMakeFiles/CMakeTmp'
Building C object CMakeFiles/cmTC_0c201.dir/CheckSymbolExists.c.o
/usr/bin/cc   -D_GNU_SOURCE=1 -std=gnu11 -o CMakeFiles/cmTC_0c201.dir/CheckSymbolExists.c.o -c /src/build-linux-arm64/CMakeFiles/CMakeTmp/CheckSymbolExists.c
Linking C executable cmTC_0c201
/usr/bin/cmake -E cmake_link_script CMakeFiles/cmTC_0c201.dir/link.txt --verbose=1
/usr/bin/cc   -D_GNU_SOURCE=1 CMakeFiles/cmTC_0c201.dir/CheckSymbolExists.c.o -o cmTC_0c201  -lm 
gmake[1]: Leaving directory '/src/build-linux-arm64/CMakeFiles/CMakeTmp'


File /src/build-linux-arm64/CMakeFiles/CMakeTmp/CheckSymbolExists.c:
/* */
#include <float.h>
#include <iconv.h>
#include <inttypes.h>
#include <limits.h>
#include <malloc.h>
#include <math.h>
#include <memory.h>
#include <signal.h>
#include <stdarg.h>
#include <stdbool.h>
#include <stddef.h>
#include <stdint.h>
#include <stdio.h>
#include <stdlib.h>
#include <string.h>
#include <strings.h>
#include <sys/types.h>
#include <time.h>
#include <wchar.h>

int main(int argc, char** argv)
{
  (void)argv;
#ifndef exp
  return ((int*)(&exp))[argc];
#else
  (void)argc;
  return 0;
#endif
}
Determining if the expf exist passed with the following output:
Change Dir: /src/build-linux-arm64/CMakeFiles/CMakeTmp

Run Build Command(s):/usr/bin/gmake -f Makefile cmTC_06bd7/fast && /usr/bin/gmake  -f CMakeFiles/cmTC_06bd7.dir/build.make CMakeFiles/cmTC_06bd7.dir/build
gmake[1]: Entering directory '/src/build-linux-arm64/CMakeFiles/CMakeTmp'
Building C object CMakeFiles/cmTC_06bd7.dir/CheckSymbolExists.c.o
/usr/bin/cc   -D_GNU_SOURCE=1 -std=gnu11 -o CMakeFiles/cmTC_06bd7.dir/CheckSymbolExists.c.o -c /src/build-linux-arm64/CMakeFiles/CMakeTmp/CheckSymbolExists.c
Linking C executable cmTC_06bd7
/usr/bin/cmake -E cmake_link_script CMakeFiles/cmTC_06bd7.dir/link.txt --verbose=1
/usr/bin/cc   -D_GNU_SOURCE=1 CMakeFiles/cmTC_06bd7.dir/CheckSymbolExists.c.o -o cmTC_06bd7  -lm 
gmake[1]: Leaving directory '/src/build-linux-arm64/CMakeFiles/CMakeTmp'


File /src/build-linux-arm64/CMakeFiles/CMakeTmp/CheckSymbolExists.c:
/* */
#include <float.h>
#include <iconv.h>
#include <inttypes.h>
#include <limits.h>
#include <malloc.h>
#include <math.h>
#include <memory.h>
#include <signal.h>
#include <stdarg.h>
#include <stdbool.h>
#include <stddef.h>
#include <stdint.h>
#include <stdio.h>
#include <stdlib.h>
#include <string.h>
#include <strings.h>
#include <sys/types.h>
#include <time.h>
#include <wchar.h>

int main(int argc, char** argv)
{
  (void)argv;
#ifndef expf
  return ((int*)(&expf))[argc];
#else
  (void)argc;
  return 0;
#endif
}
Determining if the fabs exist passed with the following output:
Change Dir: /src/build-linux-arm64/CMakeFiles/CMakeTmp

Run Build Command(s):/usr/bin/gmake -f Makefile cmTC_e794a/fast && /usr/bin/gmake  -f CMakeFiles/cmTC_e794a.dir/build.make CMakeFiles/cmTC_e794a.dir/build
gmake[1]: Entering directory '/src/build-linux-arm64/CMakeFiles/CMakeTmp'
Building C object CMakeFiles/cmTC_e794a.dir/CheckSymbolExists.c.o
/usr/bin/cc   -D_GNU_SOURCE=1 -std=gnu11 -o CMakeFiles/cmTC_e794a.dir/CheckSymbolExists.c.o -c /src/build-linux-arm64/CMakeFiles/CMakeTmp/CheckSymbolExists.c
Linking C executable cmTC_e794a
/usr/bin/cmake -E cmake_link_script CMakeFiles/cmTC_e794a.dir/link.txt --verbose=1
/usr/bin/cc   -D_GNU_SOURCE=1 CMakeFiles/cmTC_e794a.dir/CheckSymbolExists.c.o -o cmTC_e794a  -lm 
gmake[1]: Leaving directory '/src/build-linux-arm64/CMakeFiles/CMakeTmp'


File /src/build-linux-arm64/CMakeFiles/CMakeTmp/CheckSymbolExists.c:
/* */
#include <float.h>
#include <iconv.h>
#include <inttypes.h>
#include <limits.h>
#include <malloc.h>
#include <math.h>
#include <memory.h>
#include <signal.h>
#include <stdarg.h>
#include <stdbool.h>
#include <stddef.h>
#include <stdint.h>
#include <stdio.h>
#include <stdlib.h>
#include <string.h>
#include <strings.h>
#include <sys/types.h>
#include <time.h>
#include <wchar.h>

int main(int argc, char** argv)
{
  (void)argv;
#ifndef fabs
  return ((int*)(&fabs))[argc];
#else
  (void)argc;
  return 0;
#endif
}
Determining if the fabsf exist passed with the following output:
Change Dir: /src/build-linux-arm64/CMakeFiles/CMakeTmp

Run Build Command(s):/usr/bin/gmake -f Makefile cmTC_ad3c2/fast && /usr/bin/gmake  -f CMakeFiles/cmTC_ad3c2.dir/build.make CMakeFiles/cmTC_ad3c2.dir/build
gmake[1]: Entering directory '/src/build-linux-arm64/CMakeFiles/CMakeTmp'
Building C object CMakeFiles/cmTC_ad3c2.dir/CheckSymbolExists.c.o
/usr/bin/cc   -D_GNU_SOURCE=1 -std=gnu11 -o CMakeFiles/cmTC_ad3c2.dir/CheckSymbolExists.c.o -c /src/build-linux-arm64/CMakeFiles/CMakeTmp/CheckSymbolExists.c
Linking C executable cmTC_ad3c2
/usr/bin/cmake -E cmake_link_script CMakeFiles/cmTC_ad3c2.dir/link.txt --verbose=1
/usr/bin/cc   -D_GNU_SOURCE=1 CMakeFiles/cmTC_ad3c2.dir/CheckSymbolExists.c.o -o cmTC_ad3c2  -lm 
gmake[1]: Leaving directory '/src/build-linux-arm64/CMakeFiles/CMakeTmp'


File /src/build-linux-arm64/CMakeFiles/CMakeTmp/CheckSymbolExists.c:
/* */
#include <float.h>
#include <iconv.h>
#include <inttypes.h>
#include <limits.h>
#include <malloc.h>
#include <math.h>
#include <memory.h>
#include <signal.h>
#include <stdarg.h>
#include <stdbool.h>
#include <stddef.h>
#include <stdint.h>
#include <stdio.h>
#include <stdlib.h>
#include <string.h>
#include <strings.h>
#include <sys/types.h>
#include <time.h>
#include <wchar.h>

int main(int argc, char** argv)
{
  (void)argv;
#ifndef fabsf
  return ((int*)(&fabsf))[argc];
#else
  (void)argc;
  return 0;
#endif
}
Determining if the floor exist passed with the following output:
Change Dir: /src/build-linux-arm64/CMakeFiles/CMakeTmp

Run Build Command(s):/usr/bin/gmake -f Makefile cmTC_096ab/fast && /usr/bin/gmake  -f CMakeFiles/cmTC_096ab.dir/build.make CMakeFiles/cmTC_096ab.dir/build
gmake[1]: Entering directory '/src/build-linux-arm64/CMakeFiles/CMakeTmp'
Building C object CMakeFiles/cmTC_096ab.dir/CheckSymbolExists.c.o
/usr/bin/cc   -D_GNU_SOURCE=1 -std=gnu11 -o CMakeFiles/cmTC_096ab.dir/CheckSymbolExists.c.o -c /src/build-linux-arm64/CMakeFiles/CMakeTmp/CheckSymbolExists.c
Linking C executable cmTC_096ab
/usr/bin/cmake -E cmake_link_script CMakeFiles/cmTC_096ab.dir/link.txt --verbose=1
/usr/bin/cc   -D_GNU_SOURCE=1 CMakeFiles/cmTC_096ab.dir/CheckSymbolExists.c.o -o cmTC_096ab  -lm 
gmake[1]: Leaving directory '/src/build-linux-arm64/CMakeFiles/CMakeTmp'


File /src/build-linux-arm64/CMakeFiles/CMakeTmp/CheckSymbolExists.c:
/* */
#include <float.h>
#include <iconv.h>
#include <inttypes.h>
#include <limits.h>
#include <malloc.h>
#include <math.h>
#include <memory.h>
#include <signal.h>
#include <stdarg.h>
#include <stdbool.h>
#include <stddef.h>
#include <stdint.h>
#include <stdio.h>
#include <stdlib.h>
#include <string.h>
#include <strings.h>
#include <sys/types.h>
#include <time.h>
#include <wchar.h>

int main(int argc, char** argv)
{
  (void)argv;
#ifndef floor
  return ((int*)(&floor))[argc];
#else
  (void)argc;
  return 0;
#endif
}
Determining if the floorf exist passed with the following output:
Change Dir: /src/build-linux-arm64/CMakeFiles/CMakeTmp

Run Build Command(s):/usr/bin/gmake -f Makefile cmTC_7a269/fast && /usr/bin/gmake  -f CMakeFiles/cmTC_7a269.dir/build.make CMakeFiles/cmTC_7a269.dir/build
gmake[1]: Entering directory '/src/build-linux-arm64/CMakeFiles/CMakeTmp'
Building C object CMakeFiles/cmTC_7a269.dir/CheckSymbolExists.c.o
/usr/bin/cc   -D_GNU_SOURCE=1 -std=gnu11 -o CMakeFiles/cmTC_7a269.dir/CheckSymbolExists.c.o -c /src/build-linux-arm64/CMakeFiles/CMakeTmp/CheckSymbolExists.c
Linking C executable cmTC_7a269
/usr/bin/cmake -E cmake_link_script CMakeFiles/cmTC_7a269.dir/link.txt --verbose=1
/usr/bin/cc   -D_GNU_SOURCE=1 CMakeFiles/cmTC_7a269.dir/CheckSymbolExists.c.o -o cmTC_7a269  -lm 
gmake[1]: Leaving directory '/src/build-linux-arm64/CMakeFiles/CMakeTmp'


File /src/build-linux-arm64/CMakeFiles/CMakeTmp/CheckSymbolExists.c:
/* */
#include <float.h>
#include <iconv.h>
#include <inttypes.h>
#include <limits.h>
#include <malloc.h>
#include <math.h>
#include <memory.h>
#include <signal.h>
#include <stdarg.h>
#include <stdbool.h>
#include <stddef.h>
#include <stdint.h>
#include <stdio.h>
#include <stdlib.h>
#include <string.h>
#include <strings.h>
#include <sys/types.h>
#include <time.h>
#include <wchar.h>

int main(int argc, char** argv)
{
  (void)argv;
#ifndef floorf
  return ((int*)(&floorf))[argc];
#else
  (void)argc;
  return 0;
#endif
}
Determining if the fmod exist passed with the following output:
Change Dir: /src/build-linux-arm64/CMakeFiles/CMakeTmp

Run Build Command(s):/usr/bin/gmake -f Makefile cmTC_7e685/fast && /usr/bin/gmake  -f CMakeFiles/cmTC_7e685.dir/build.make CMakeFiles/cmTC_7e685.dir/build
gmake[1]: Entering directory '/src/build-linux-arm64/CMakeFiles/CMakeTmp'
Building C object CMakeFiles/cmTC_7e685.dir/CheckSymbolExists.c.o
/usr/bin/cc   -D_GNU_SOURCE=1 -std=gnu11 -o CMakeFiles/cmTC_7e685.dir/CheckSymbolExists.c.o -c /src/build-linux-arm64/CMakeFiles/CMakeTmp/CheckSymbolExists.c
Linking C executable cmTC_7e685
/usr/bin/cmake -E cmake_link_script CMakeFiles/cmTC_7e685.dir/link.txt --verbose=1
/usr/bin/cc   -D_GNU_SOURCE=1 CMakeFiles/cmTC_7e685.dir/CheckSymbolExists.c.o -o cmTC_7e685  -lm 
gmake[1]: Leaving directory '/src/build-linux-arm64/CMakeFiles/CMakeTmp'


File /src/build-linux-arm64/CMakeFiles/CMakeTmp/CheckSymbolExists.c:
/* */
#include <float.h>
#include <iconv.h>
#include <inttypes.h>
#include <limits.h>
#include <malloc.h>
#include <math.h>
#include <memory.h>
#include <signal.h>
#include <stdarg.h>
#include <stdbool.h>
#include <stddef.h>
#include <stdint.h>
#include <stdio.h>
#include <stdlib.h>
#include <string.h>
#include <strings.h>
#include <sys/types.h>
#include <time.h>
#include <wchar.h>

int main(int argc, char** argv)
{
  (void)argv;
#ifndef fmod
  return ((int*)(&fmod))[argc];
#else
  (void)argc;
  return 0;
#endif
}
Determining if the fmodf exist passed with the following output:
Change Dir: /src/build-linux-arm64/CMakeFiles/CMakeTmp

Run Build Command(s):/usr/bin/gmake -f Makefile cmTC_7e6b7/fast && /usr/bin/gmake  -f CMakeFiles/cmTC_7e6b7.dir/build.make CMakeFiles/cmTC_7e6b7.dir/build
gmake[1]: Entering directory '/src/build-linux-arm64/CMakeFiles/CMakeTmp'
Building C object CMakeFiles/cmTC_7e6b7.dir/CheckSymbolExists.c.o
/usr/bin/cc   -D_GNU_SOURCE=1 -std=gnu11 -o CMakeFiles/cmTC_7e6b7.dir/CheckSymbolExists.c.o -c /src/build-linux-arm64/CMakeFiles/CMakeTmp/CheckSymbolExists.c
Linking C executable cmTC_7e6b7
/usr/bin/cmake -E cmake_link_script CMakeFiles/cmTC_7e6b7.dir/link.txt --verbose=1
/usr/bin/cc   -D_GNU_SOURCE=1 CMakeFiles/cmTC_7e6b7.dir/CheckSymbolExists.c.o -o cmTC_7e6b7  -lm 
gmake[1]: Leaving directory '/src/build-linux-arm64/CMakeFiles/CMakeTmp'


File /src/build-linux-arm64/CMakeFiles/CMakeTmp/CheckSymbolExists.c:
/* */
#include <float.h>
#include <iconv.h>
#include <inttypes.h>
#include <limits.h>
#include <malloc.h>
#include <math.h>
#include <memory.h>
#include <signal.h>
#include <stdarg.h>
#include <stdbool.h>
#include <stddef.h>
#include <stdint.h>
#include <stdio.h>
#include <stdlib.h>
#include <string.h>
#include <strings.h>
#include <sys/types.h>
#include <time.h>
#include <wchar.h>

int main(int argc, char** argv)
{
  (void)argv;
#ifndef fmodf
  return ((int*)(&fmodf))[argc];
#else
  (void)argc;
  return 0;
#endif
}
Determining if the fopen64 exist passed with the following output:
Change Dir: /src/build-linux-arm64/CMakeFiles/CMakeTmp

Run Build Command(s):/usr/bin/gmake -f Makefile cmTC_9e6f9/fast && /usr/bin/gmake  -f CMakeFiles/cmTC_9e6f9.dir/build.make CMakeFiles/cmTC_9e6f9.dir/build
gmake[1]: Entering directory '/src/build-linux-arm64/CMakeFiles/CMakeTmp'
Building C object CMakeFiles/cmTC_9e6f9.dir/CheckSymbolExists.c.o
/usr/bin/cc   -D_GNU_SOURCE=1 -std=gnu11 -o CMakeFiles/cmTC_9e6f9.dir/CheckSymbolExists.c.o -c /src/build-linux-arm64/CMakeFiles/CMakeTmp/CheckSymbolExists.c
Linking C executable cmTC_9e6f9
/usr/bin/cmake -E cmake_link_script CMakeFiles/cmTC_9e6f9.dir/link.txt --verbose=1
/usr/bin/cc   -D_GNU_SOURCE=1 CMakeFiles/cmTC_9e6f9.dir/CheckSymbolExists.c.o -o cmTC_9e6f9  -lm 
gmake[1]: Leaving directory '/src/build-linux-arm64/CMakeFiles/CMakeTmp'


File /src/build-linux-arm64/CMakeFiles/CMakeTmp/CheckSymbolExists.c:
/* */
#include <float.h>
#include <iconv.h>
#include <inttypes.h>
#include <limits.h>
#include <malloc.h>
#include <math.h>
#include <memory.h>
#include <signal.h>
#include <stdarg.h>
#include <stdbool.h>
#include <stddef.h>
#include <stdint.h>
#include <stdio.h>
#include <stdlib.h>
#include <string.h>
#include <strings.h>
#include <sys/types.h>
#include <time.h>
#include <wchar.h>

int main(int argc, char** argv)
{
  (void)argv;
#ifndef fopen64
  return ((int*)(&fopen64))[argc];
#else
  (void)argc;
  return 0;
#endif
}
Determining if the fseeko exist passed with the following output:
Change Dir: /src/build-linux-arm64/CMakeFiles/CMakeTmp

Run Build Command(s):/usr/bin/gmake -f Makefile cmTC_78512/fast && /usr/bin/gmake  -f CMakeFiles/cmTC_78512.dir/build.make CMakeFiles/cmTC_78512.dir/build
gmake[1]: Entering directory '/src/build-linux-arm64/CMakeFiles/CMakeTmp'
Building C object CMakeFiles/cmTC_78512.dir/CheckSymbolExists.c.o
/usr/bin/cc   -D_GNU_SOURCE=1 -std=gnu11 -o CMakeFiles/cmTC_78512.dir/CheckSymbolExists.c.o -c /src/build-linux-arm64/CMakeFiles/CMakeTmp/CheckSymbolExists.c
Linking C executable cmTC_78512
/usr/bin/cmake -E cmake_link_script CMakeFiles/cmTC_78512.dir/link.txt --verbose=1
/usr/bin/cc   -D_GNU_SOURCE=1 CMakeFiles/cmTC_78512.dir/CheckSymbolExists.c.o -o cmTC_78512  -lm 
gmake[1]: Leaving directory '/src/build-linux-arm64/CMakeFiles/CMakeTmp'


File /src/build-linux-arm64/CMakeFiles/CMakeTmp/CheckSymbolExists.c:
/* */
#include <float.h>
#include <iconv.h>
#include <inttypes.h>
#include <limits.h>
#include <malloc.h>
#include <math.h>
#include <memory.h>
#include <signal.h>
#include <stdarg.h>
#include <stdbool.h>
#include <stddef.h>
#include <stdint.h>
#include <stdio.h>
#include <stdlib.h>
#include <string.h>
#include <strings.h>
#include <sys/types.h>
#include <time.h>
#include <wchar.h>

int main(int argc, char** argv)
{
  (void)argv;
#ifndef fseeko
  return ((int*)(&fseeko))[argc];
#else
  (void)argc;
  return 0;
#endif
}
Determining if the fseeko64 exist passed with the following output:
Change Dir: /src/build-linux-arm64/CMakeFiles/CMakeTmp

Run Build Command(s):/usr/bin/gmake -f Makefile cmTC_8a7bb/fast && /usr/bin/gmake  -f CMakeFiles/cmTC_8a7bb.dir/build.make CMakeFiles/cmTC_8a7bb.dir/build
gmake[1]: Entering directory '/src/build-linux-arm64/CMakeFiles/CMakeTmp'
Building C object CMakeFiles/cmTC_8a7bb.dir/CheckSymbolExists.c.o
/usr/bin/cc   -D_GNU_SOURCE=1 -std=gnu11 -o CMakeFiles/cmTC_8a7bb.dir/CheckSymbolExists.c.o -c /src/build-linux-arm64/CMakeFiles/CMakeTmp/CheckSymbolExists.c
Linking C executable cmTC_8a7bb
/usr/bin/cmake -E cmake_link_script CMakeFiles/cmTC_8a7bb.dir/link.txt --verbose=1
/usr/bin/cc   -D_GNU_SOURCE=1 CMakeFiles/cmTC_8a7bb.dir/CheckSymbolExists.c.o -o cmTC_8a7bb  -lm 
gmake[1]: Leaving directory '/src/build-linux-arm64/CMakeFiles/CMakeTmp'


File /src/build-linux-arm64/CMakeFiles/CMakeTmp/CheckSymbolExists.c:
/* */
#include <float.h>
#include <iconv.h>
#include <inttypes.h>
#include <limits.h>
#include <malloc.h>
#include <math.h>
#include <memory.h>
#include <signal.h>
#include <stdarg.h>
#include <stdbool.h>
#include <stddef.h>
#include <stdint.h>
#include <stdio.h>
#include <stdlib.h>
#include <string.h>
#include <strings.h>
#include <sys/types.h>
#include <time.h>
#include <wchar.h>

int main(int argc, char** argv)
{
  (void)argv;
#ifndef fseeko64
  return ((int*)(&fseeko64))[argc];
#else
  (void)argc;
  return 0;
#endif
}
Determining if the getenv exist passed with the following output:
Change Dir: /src/build-linux-arm64/CMakeFiles/CMakeTmp

Run Build Command(s):/usr/bin/gmake -f Makefile cmTC_e5b9b/fast && /usr/bin/gmake  -f CMakeFiles/cmTC_e5b9b.dir/build.make CMakeFiles/cmTC_e5b9b.dir/build
gmake[1]: Entering directory '/src/build-linux-arm64/CMakeFiles/CMakeTmp'
Building C object CMakeFiles/cmTC_e5b9b.dir/CheckSymbolExists.c.o
/usr/bin/cc   -D_GNU_SOURCE=1 -std=gnu11 -o CMakeFiles/cmTC_e5b9b.dir/CheckSymbolExists.c.o -c /src/build-linux-arm64/CMakeFiles/CMakeTmp/CheckSymbolExists.c
Linking C executable cmTC_e5b9b
/usr/bin/cmake -E cmake_link_script CMakeFiles/cmTC_e5b9b.dir/link.txt --verbose=1
/usr/bin/cc   -D_GNU_SOURCE=1 CMakeFiles/cmTC_e5b9b.dir/CheckSymbolExists.c.o -o cmTC_e5b9b  -lm 
gmake[1]: Leaving directory '/src/build-linux-arm64/CMakeFiles/CMakeTmp'


File /src/build-linux-arm64/CMakeFiles/CMakeTmp/CheckSymbolExists.c:
/* */
#include <float.h>
#include <iconv.h>
#include <inttypes.h>
#include <limits.h>
#include <malloc.h>
#include <math.h>
#include <memory.h>
#include <signal.h>
#include <stdarg.h>
#include <stdbool.h>
#include <stddef.h>
#include <stdint.h>
#include <stdio.h>
#include <stdlib.h>
#include <string.h>
#include <strings.h>
#include <sys/types.h>
#include <time.h>
#include <wchar.h>

int main(int argc, char** argv)
{
  (void)argv;
#ifndef getenv
  return ((int*)(&getenv))[argc];
#else
  (void)argc;
  return 0;
#endif
}
Determining if the index exist passed with the following output:
Change Dir: /src/build-linux-arm64/CMakeFiles/CMakeTmp

Run Build Command(s):/usr/bin/gmake -f Makefile cmTC_9897d/fast && /usr/bin/gmake  -f CMakeFiles/cmTC_9897d.dir/build.make CMakeFiles/cmTC_9897d.dir/build
gmake[1]: Entering directory '/src/build-linux-arm64/CMakeFiles/CMakeTmp'
Building C object CMakeFiles/cmTC_9897d.dir/CheckSymbolExists.c.o
/usr/bin/cc   -D_GNU_SOURCE=1 -std=gnu11 -o CMakeFiles/cmTC_9897d.dir/CheckSymbolExists.c.o -c /src/build-linux-arm64/CMakeFiles/CMakeTmp/CheckSymbolExists.c
Linking C executable cmTC_9897d
/usr/bin/cmake -E cmake_link_script CMakeFiles/cmTC_9897d.dir/link.txt --verbose=1
/usr/bin/cc   -D_GNU_SOURCE=1 CMakeFiles/cmTC_9897d.dir/CheckSymbolExists.c.o -o cmTC_9897d  -lm 
gmake[1]: Leaving directory '/src/build-linux-arm64/CMakeFiles/CMakeTmp'


File /src/build-linux-arm64/CMakeFiles/CMakeTmp/CheckSymbolExists.c:
/* */
#include <float.h>
#include <iconv.h>
#include <inttypes.h>
#include <limits.h>
#include <malloc.h>
#include <math.h>
#include <memory.h>
#include <signal.h>
#include <stdarg.h>
#include <stdbool.h>
#include <stddef.h>
#include <stdint.h>
#include <stdio.h>
#include <stdlib.h>
#include <string.h>
#include <strings.h>
#include <sys/types.h>
#include <time.h>
#include <wchar.h>

int main(int argc, char** argv)
{
  (void)argv;
#ifndef index
  return ((int*)(&index))[argc];
#else
  (void)argc;
  return 0;
#endif
}
Determining if the log exist passed with the following output:
Change Dir: /src/build-linux-arm64/CMakeFiles/CMakeTmp

Run Build Command(s):/usr/bin/gmake -f Makefile cmTC_29ac9/fast && /usr/bin/gmake  -f CMakeFiles/cmTC_29ac9.dir/build.make CMakeFiles/cmTC_29ac9.dir/build
gmake[1]: Entering directory '/src/build-linux-arm64/CMakeFiles/CMakeTmp'
Building C object CMakeFiles/cmTC_29ac9.dir/CheckSymbolExists.c.o
/usr/bin/cc   -D_GNU_SOURCE=1 -std=gnu11 -o CMakeFiles/cmTC_29ac9.dir/CheckSymbolExists.c.o -c /src/build-linux-arm64/CMakeFiles/CMakeTmp/CheckSymbolExists.c
Linking C executable cmTC_29ac9
/usr/bin/cmake -E cmake_link_script CMakeFiles/cmTC_29ac9.dir/link.txt --verbose=1
/usr/bin/cc   -D_GNU_SOURCE=1 CMakeFiles/cmTC_29ac9.dir/CheckSymbolExists.c.o -o cmTC_29ac9  -lm 
gmake[1]: Leaving directory '/src/build-linux-arm64/CMakeFiles/CMakeTmp'


File /src/build-linux-arm64/CMakeFiles/CMakeTmp/CheckSymbolExists.c:
/* */
#include <float.h>
#include <iconv.h>
#include <inttypes.h>
#include <limits.h>
#include <malloc.h>
#include <math.h>
#include <memory.h>
#include <signal.h>
#include <stdarg.h>
#include <stdbool.h>
#include <stddef.h>
#include <stdint.h>
#include <stdio.h>
#include <stdlib.h>
#include <string.h>
#include <strings.h>
#include <sys/types.h>
#include <time.h>
#include <wchar.h>

int main(int argc, char** argv)
{
  (void)argv;
#ifndef log
  return ((int*)(&log))[argc];
#else
  (void)argc;
  return 0;
#endif
}
Determining if the log10 exist passed with the following output:
Change Dir: /src/build-linux-arm64/CMakeFiles/CMakeTmp

Run Build Command(s):/usr/bin/gmake -f Makefile cmTC_cc456/fast && /usr/bin/gmake  -f CMakeFiles/cmTC_cc456.dir/build.make CMakeFiles/cmTC_cc456.dir/build
gmake[1]: Entering directory '/src/build-linux-arm64/CMakeFiles/CMakeTmp'
Building C object CMakeFiles/cmTC_cc456.dir/CheckSymbolExists.c.o
/usr/bin/cc   -D_GNU_SOURCE=1 -std=gnu11 -o CMakeFiles/cmTC_cc456.dir/CheckSymbolExists.c.o -c /src/build-linux-arm64/CMakeFiles/CMakeTmp/CheckSymbolExists.c
Linking C executable cmTC_cc456
/usr/bin/cmake -E cmake_link_script CMakeFiles/cmTC_cc456.dir/link.txt --verbose=1
/usr/bin/cc   -D_GNU_SOURCE=1 CMakeFiles/cmTC_cc456.dir/CheckSymbolExists.c.o -o cmTC_cc456  -lm 
gmake[1]: Leaving directory '/src/build-linux-arm64/CMakeFiles/CMakeTmp'


File /src/build-linux-arm64/CMakeFiles/CMakeTmp/CheckSymbolExists.c:
/* */
#include <float.h>
#include <iconv.h>
#include <inttypes.h>
#include <limits.h>
#include <malloc.h>
#include <math.h>
#include <memory.h>
#include <signal.h>
#include <stdarg.h>
#include <stdbool.h>
#include <stddef.h>
#include <stdint.h>
#include <stdio.h>
#include <stdlib.h>
#include <string.h>
#include <strings.h>
#include <sys/types.h>
#include <time.h>
#include <wchar.h>

int main(int argc, char** argv)
{
  (void)argv;
#ifndef log10
  return ((int*)(&log10))[argc];
#else
  (void)argc;
  return 0;
#endif
}
Determining if the log10f exist passed with the following output:
Change Dir: /src/build-linux-arm64/CMakeFiles/CMakeTmp

Run Build Command(s):/usr/bin/gmake -f Makefile cmTC_d2975/fast && /usr/bin/gmake  -f CMakeFiles/cmTC_d2975.dir/build.make CMakeFiles/cmTC_d2975.dir/build
gmake[1]: Entering directory '/src/build-linux-arm64/CMakeFiles/CMakeTmp'
Building C object CMakeFiles/cmTC_d2975.dir/CheckSymbolExists.c.o
/usr/bin/cc   -D_GNU_SOURCE=1 -std=gnu11 -o CMakeFiles/cmTC_d2975.dir/CheckSymbolExists.c.o -c /src/build-linux-arm64/CMakeFiles/CMakeTmp/CheckSymbolExists.c
Linking C executable cmTC_d2975
/usr/bin/cmake -E cmake_link_script CMakeFiles/cmTC_d2975.dir/link.txt --verbose=1
/usr/bin/cc   -D_GNU_SOURCE=1 CMakeFiles/cmTC_d2975.dir/CheckSymbolExists.c.o -o cmTC_d2975  -lm 
gmake[1]: Leaving directory '/src/build-linux-arm64/CMakeFiles/CMakeTmp'


File /src/build-linux-arm64/CMakeFiles/CMakeTmp/CheckSymbolExists.c:
/* */
#include <float.h>
#include <iconv.h>
#include <inttypes.h>
#include <limits.h>
#include <malloc.h>
#include <math.h>
#include <memory.h>
#include <signal.h>
#include <stdarg.h>
#include <stdbool.h>
#include <stddef.h>
#include <stdint.h>
#include <stdio.h>
#include <stdlib.h>
#include <string.h>
#include <strings.h>
#include <sys/types.h>
#include <time.h>
#include <wchar.h>

int main(int argc, char** argv)
{
  (void)argv;
#ifndef log10f
  return ((int*)(&log10f))[argc];
#else
  (void)argc;
  return 0;
#endif
}
Determining if the logf exist passed with the following output:
Change Dir: /src/build-linux-arm64/CMakeFiles/CMakeTmp

Run Build Command(s):/usr/bin/gmake -f Makefile cmTC_4f0a1/fast && /usr/bin/gmake  -f CMakeFiles/cmTC_4f0a1.dir/build.make CMakeFiles/cmTC_4f0a1.dir/build
gmake[1]: Entering directory '/src/build-linux-arm64/CMakeFiles/CMakeTmp'
Building C object CMakeFiles/cmTC_4f0a1.dir/CheckSymbolExists.c.o
/usr/bin/cc   -D_GNU_SOURCE=1 -std=gnu11 -o CMakeFiles/cmTC_4f0a1.dir/CheckSymbolExists.c.o -c /src/build-linux-arm64/CMakeFiles/CMakeTmp/CheckSymbolExists.c
Linking C executable cmTC_4f0a1
/usr/bin/cmake -E cmake_link_script CMakeFiles/cmTC_4f0a1.dir/link.txt --verbose=1
/usr/bin/cc   -D_GNU_SOURCE=1 CMakeFiles/cmTC_4f0a1.dir/CheckSymbolExists.c.o -o cmTC_4f0a1  -lm 
gmake[1]: Leaving directory '/src/build-linux-arm64/CMakeFiles/CMakeTmp'


File /src/build-linux-arm64/CMakeFiles/CMakeTmp/CheckSymbolExists.c:
/* */
#include <float.h>
#include <iconv.h>
#include <inttypes.h>
#include <limits.h>
#include <malloc.h>
#include <math.h>
#include <memory.h>
#include <signal.h>
#include <stdarg.h>
#include <stdbool.h>
#include <stddef.h>
#include <stdint.h>
#include <stdio.h>
#include <stdlib.h>
#include <string.h>
#include <strings.h>
#include <sys/types.h>
#include <time.h>
#include <wchar.h>

int main(int argc, char** argv)
{
  (void)argv;
#ifndef logf
  return ((int*)(&logf))[argc];
#else
  (void)argc;
  return 0;
#endif
}
Determining if the lround exist passed with the following output:
Change Dir: /src/build-linux-arm64/CMakeFiles/CMakeTmp

Run Build Command(s):/usr/bin/gmake -f Makefile cmTC_f20f1/fast && /usr/bin/gmake  -f CMakeFiles/cmTC_f20f1.dir/build.make CMakeFiles/cmTC_f20f1.dir/build
gmake[1]: Entering directory '/src/build-linux-arm64/CMakeFiles/CMakeTmp'
Building C object CMakeFiles/cmTC_f20f1.dir/CheckSymbolExists.c.o
/usr/bin/cc   -D_GNU_SOURCE=1 -std=gnu11 -o CMakeFiles/cmTC_f20f1.dir/CheckSymbolExists.c.o -c /src/build-linux-arm64/CMakeFiles/CMakeTmp/CheckSymbolExists.c
Linking C executable cmTC_f20f1
/usr/bin/cmake -E cmake_link_script CMakeFiles/cmTC_f20f1.dir/link.txt --verbose=1
/usr/bin/cc   -D_GNU_SOURCE=1 CMakeFiles/cmTC_f20f1.dir/CheckSymbolExists.c.o -o cmTC_f20f1  -lm 
gmake[1]: Leaving directory '/src/build-linux-arm64/CMakeFiles/CMakeTmp'


File /src/build-linux-arm64/CMakeFiles/CMakeTmp/CheckSymbolExists.c:
/* */
#include <float.h>
#include <iconv.h>
#include <inttypes.h>
#include <limits.h>
#include <malloc.h>
#include <math.h>
#include <memory.h>
#include <signal.h>
#include <stdarg.h>
#include <stdbool.h>
#include <stddef.h>
#include <stdint.h>
#include <stdio.h>
#include <stdlib.h>
#include <string.h>
#include <strings.h>
#include <sys/types.h>
#include <time.h>
#include <wchar.h>

int main(int argc, char** argv)
{
  (void)argv;
#ifndef lround
  return ((int*)(&lround))[argc];
#else
  (void)argc;
  return 0;
#endif
}
Determining if the lroundf exist passed with the following output:
Change Dir: /src/build-linux-arm64/CMakeFiles/CMakeTmp

Run Build Command(s):/usr/bin/gmake -f Makefile cmTC_3748d/fast && /usr/bin/gmake  -f CMakeFiles/cmTC_3748d.dir/build.make CMakeFiles/cmTC_3748d.dir/build
gmake[1]: Entering directory '/src/build-linux-arm64/CMakeFiles/CMakeTmp'
Building C object CMakeFiles/cmTC_3748d.dir/CheckSymbolExists.c.o
/usr/bin/cc   -D_GNU_SOURCE=1 -std=gnu11 -o CMakeFiles/cmTC_3748d.dir/CheckSymbolExists.c.o -c /src/build-linux-arm64/CMakeFiles/CMakeTmp/CheckSymbolExists.c
Linking C executable cmTC_3748d
/usr/bin/cmake -E cmake_link_script CMakeFiles/cmTC_3748d.dir/link.txt --verbose=1
/usr/bin/cc   -D_GNU_SOURCE=1 CMakeFiles/cmTC_3748d.dir/CheckSymbolExists.c.o -o cmTC_3748d  -lm 
gmake[1]: Leaving directory '/src/build-linux-arm64/CMakeFiles/CMakeTmp'


File /src/build-linux-arm64/CMakeFiles/CMakeTmp/CheckSymbolExists.c:
/* */
#include <float.h>
#include <iconv.h>
#include <inttypes.h>
#include <limits.h>
#include <malloc.h>
#include <math.h>
#include <memory.h>
#include <signal.h>
#include <stdarg.h>
#include <stdbool.h>
#include <stddef.h>
#include <stdint.h>
#include <stdio.h>
#include <stdlib.h>
#include <string.h>
#include <strings.h>
#include <sys/types.h>
#include <time.h>
#include <wchar.h>

int main(int argc, char** argv)
{
  (void)argv;
#ifndef lroundf
  return ((int*)(&lroundf))[argc];
#else
  (void)argc;
  return 0;
#endif
}
Determining if the malloc exist passed with the following output:
Change Dir: /src/build-linux-arm64/CMakeFiles/CMakeTmp

Run Build Command(s):/usr/bin/gmake -f Makefile cmTC_73e1b/fast && /usr/bin/gmake  -f CMakeFiles/cmTC_73e1b.dir/build.make CMakeFiles/cmTC_73e1b.dir/build
gmake[1]: Entering directory '/src/build-linux-arm64/CMakeFiles/CMakeTmp'
Building C object CMakeFiles/cmTC_73e1b.dir/CheckSymbolExists.c.o
/usr/bin/cc   -D_GNU_SOURCE=1 -std=gnu11 -o CMakeFiles/cmTC_73e1b.dir/CheckSymbolExists.c.o -c /src/build-linux-arm64/CMakeFiles/CMakeTmp/CheckSymbolExists.c
Linking C executable cmTC_73e1b
/usr/bin/cmake -E cmake_link_script CMakeFiles/cmTC_73e1b.dir/link.txt --verbose=1
/usr/bin/cc   -D_GNU_SOURCE=1 CMakeFiles/cmTC_73e1b.dir/CheckSymbolExists.c.o -o cmTC_73e1b  -lm 
gmake[1]: Leaving directory '/src/build-linux-arm64/CMakeFiles/CMakeTmp'


File /src/build-linux-arm64/CMakeFiles/CMakeTmp/CheckSymbolExists.c:
/* */
#include <float.h>
#include <iconv.h>
#include <inttypes.h>
#include <limits.h>
#include <malloc.h>
#include <math.h>
#include <memory.h>
#include <signal.h>
#include <stdarg.h>
#include <stdbool.h>
#include <stddef.h>
#include <stdint.h>
#include <stdio.h>
#include <stdlib.h>
#include <string.h>
#include <strings.h>
#include <sys/types.h>
#include <time.h>
#include <wchar.h>

int main(int argc, char** argv)
{
  (void)argv;
#ifndef malloc
  return ((int*)(&malloc))[argc];
#else
  (void)argc;
  return 0;
#endif
}
Determining if the memcmp exist passed with the following output:
Change Dir: /src/build-linux-arm64/CMakeFiles/CMakeTmp

Run Build Command(s):/usr/bin/gmake -f Makefile cmTC_06d2a/fast && /usr/bin/gmake  -f CMakeFiles/cmTC_06d2a.dir/build.make CMakeFiles/cmTC_06d2a.dir/build
gmake[1]: Entering directory '/src/build-linux-arm64/CMakeFiles/CMakeTmp'
Building C object CMakeFiles/cmTC_06d2a.dir/CheckSymbolExists.c.o
/usr/bin/cc   -D_GNU_SOURCE=1 -std=gnu11 -o CMakeFiles/cmTC_06d2a.dir/CheckSymbolExists.c.o -c /src/build-linux-arm64/CMakeFiles/CMakeTmp/CheckSymbolExists.c
Linking C executable cmTC_06d2a
/usr/bin/cmake -E cmake_link_script CMakeFiles/cmTC_06d2a.dir/link.txt --verbose=1
/usr/bin/cc   -D_GNU_SOURCE=1 CMakeFiles/cmTC_06d2a.dir/CheckSymbolExists.c.o -o cmTC_06d2a  -lm 
gmake[1]: Leaving directory '/src/build-linux-arm64/CMakeFiles/CMakeTmp'


File /src/build-linux-arm64/CMakeFiles/CMakeTmp/CheckSymbolExists.c:
/* */
#include <float.h>
#include <iconv.h>
#include <inttypes.h>
#include <limits.h>
#include <malloc.h>
#include <math.h>
#include <memory.h>
#include <signal.h>
#include <stdarg.h>
#include <stdbool.h>
#include <stddef.h>
#include <stdint.h>
#include <stdio.h>
#include <stdlib.h>
#include <string.h>
#include <strings.h>
#include <sys/types.h>
#include <time.h>
#include <wchar.h>

int main(int argc, char** argv)
{
  (void)argv;
#ifndef memcmp
  return ((int*)(&memcmp))[argc];
#else
  (void)argc;
  return 0;
#endif
}
Determining if the memcpy exist passed with the following output:
Change Dir: /src/build-linux-arm64/CMakeFiles/CMakeTmp

Run Build Command(s):/usr/bin/gmake -f Makefile cmTC_3b6b0/fast && /usr/bin/gmake  -f CMakeFiles/cmTC_3b6b0.dir/build.make CMakeFiles/cmTC_3b6b0.dir/build
gmake[1]: Entering directory '/src/build-linux-arm64/CMakeFiles/CMakeTmp'
Building C object CMakeFiles/cmTC_3b6b0.dir/CheckSymbolExists.c.o
/usr/bin/cc   -D_GNU_SOURCE=1 -std=gnu11 -o CMakeFiles/cmTC_3b6b0.dir/CheckSymbolExists.c.o -c /src/build-linux-arm64/CMakeFiles/CMakeTmp/CheckSymbolExists.c
Linking C executable cmTC_3b6b0
/usr/bin/cmake -E cmake_link_script CMakeFiles/cmTC_3b6b0.dir/link.txt --verbose=1
/usr/bin/cc   -D_GNU_SOURCE=1 CMakeFiles/cmTC_3b6b0.dir/CheckSymbolExists.c.o -o cmTC_3b6b0  -lm 
gmake[1]: Leaving directory '/src/build-linux-arm64/CMakeFiles/CMakeTmp'


File /src/build-linux-arm64/CMakeFiles/CMakeTmp/CheckSymbolExists.c:
/* */
#include <float.h>
#include <iconv.h>
#include <inttypes.h>
#include <limits.h>
#include <malloc.h>
#include <math.h>
#include <memory.h>
#include <signal.h>
#include <stdarg.h>
#include <stdbool.h>
#include <stddef.h>
#include <stdint.h>
#include <stdio.h>
#include <stdlib.h>
#include <string.h>
#include <strings.h>
#include <sys/types.h>
#include <time.h>
#include <wchar.h>

int main(int argc, char** argv)
{
  (void)argv;
#ifndef memcpy
  return ((int*)(&memcpy))[argc];
#else
  (void)argc;
  return 0;
#endif
}
Determining if the memmove exist passed with the following output:
Change Dir: /src/build-linux-arm64/CMakeFiles/CMakeTmp

Run Build Command(s):/usr/bin/gmake -f Makefile cmTC_f6138/fast && /usr/bin/gmake  -f CMakeFiles/cmTC_f6138.dir/build.make CMakeFiles/cmTC_f6138.dir/build
gmake[1]: Entering directory '/src/build-linux-arm64/CMakeFiles/CMakeTmp'
Building C object CMakeFiles/cmTC_f6138.dir/CheckSymbolExists.c.o
/usr/bin/cc   -D_GNU_SOURCE=1 -std=gnu11 -o CMakeFiles/cmTC_f6138.dir/CheckSymbolExists.c.o -c /src/build-linux-arm64/CMakeFiles/CMakeTmp/CheckSymbolExists.c
Linking C executable cmTC_f6138
/usr/bin/cmake -E cmake_link_script CMakeFiles/cmTC_f6138.dir/link.txt --verbose=1
/usr/bin/cc   -D_GNU_SOURCE=1 CMakeFiles/cmTC_f6138.dir/CheckSymbolExists.c.o -o cmTC_f6138  -lm 
gmake[1]: Leaving directory '/src/build-linux-arm64/CMakeFiles/CMakeTmp'


File /src/build-linux-arm64/CMakeFiles/CMakeTmp/CheckSymbolExists.c:
/* */
#include <float.h>
#include <iconv.h>
#include <inttypes.h>
#include <limits.h>
#include <malloc.h>
#include <math.h>
#include <memory.h>
#include <signal.h>
#include <stdarg.h>
#include <stdbool.h>
#include <stddef.h>
#include <stdint.h>
#include <stdio.h>
#include <stdlib.h>
#include <string.h>
#include <strings.h>
#include <sys/types.h>
#include <time.h>
#include <wchar.h>

int main(int argc, char** argv)
{
  (void)argv;
#ifndef memmove
  return ((int*)(&memmove))[argc];
#else
  (void)argc;
  return 0;
#endif
}
Determining if the memset exist passed with the following output:
Change Dir: /src/build-linux-arm64/CMakeFiles/CMakeTmp

Run Build Command(s):/usr/bin/gmake -f Makefile cmTC_85a6d/fast && /usr/bin/gmake  -f CMakeFiles/cmTC_85a6d.dir/build.make CMakeFiles/cmTC_85a6d.dir/build
gmake[1]: Entering directory '/src/build-linux-arm64/CMakeFiles/CMakeTmp'
Building C object CMakeFiles/cmTC_85a6d.dir/CheckSymbolExists.c.o
/usr/bin/cc   -D_GNU_SOURCE=1 -std=gnu11 -o CMakeFiles/cmTC_85a6d.dir/CheckSymbolExists.c.o -c /src/build-linux-arm64/CMakeFiles/CMakeTmp/CheckSymbolExists.c
Linking C executable cmTC_85a6d
/usr/bin/cmake -E cmake_link_script CMakeFiles/cmTC_85a6d.dir/link.txt --verbose=1
/usr/bin/cc   -D_GNU_SOURCE=1 CMakeFiles/cmTC_85a6d.dir/CheckSymbolExists.c.o -o cmTC_85a6d  -lm 
gmake[1]: Leaving directory '/src/build-linux-arm64/CMakeFiles/CMakeTmp'


File /src/build-linux-arm64/CMakeFiles/CMakeTmp/CheckSymbolExists.c:
/* */
#include <float.h>
#include <iconv.h>
#include <inttypes.h>
#include <limits.h>
#include <malloc.h>
#include <math.h>
#include <memory.h>
#include <signal.h>
#include <stdarg.h>
#include <stdbool.h>
#include <stddef.h>
#include <stdint.h>
#include <stdio.h>
#include <stdlib.h>
#include <string.h>
#include <strings.h>
#include <sys/types.h>
#include <time.h>
#include <wchar.h>

int main(int argc, char** argv)
{
  (void)argv;
#ifndef memset
  return ((int*)(&memset))[argc];
#else
  (void)argc;
  return 0;
#endif
}
Determining if the modf exist passed with the following output:
Change Dir: /src/build-linux-arm64/CMakeFiles/CMakeTmp

Run Build Command(s):/usr/bin/gmake -f Makefile cmTC_69276/fast && /usr/bin/gmake  -f CMakeFiles/cmTC_69276.dir/build.make CMakeFiles/cmTC_69276.dir/build
gmake[1]: Entering directory '/src/build-linux-arm64/CMakeFiles/CMakeTmp'
Building C object CMakeFiles/cmTC_69276.dir/CheckSymbolExists.c.o
/usr/bin/cc   -D_GNU_SOURCE=1 -std=gnu11 -o CMakeFiles/cmTC_69276.dir/CheckSymbolExists.c.o -c /src/build-linux-arm64/CMakeFiles/CMakeTmp/CheckSymbolExists.c
Linking C executable cmTC_69276
/usr/bin/cmake -E cmake_link_script CMakeFiles/cmTC_69276.dir/link.txt --verbose=1
/usr/bin/cc   -D_GNU_SOURCE=1 CMakeFiles/cmTC_69276.dir/CheckSymbolExists.c.o -o cmTC_69276  -lm 
gmake[1]: Leaving directory '/src/build-linux-arm64/CMakeFiles/CMakeTmp'


File /src/build-linux-arm64/CMakeFiles/CMakeTmp/CheckSymbolExists.c:
/* */
#include <float.h>
#include <iconv.h>
#include <inttypes.h>
#include <limits.h>
#include <malloc.h>
#include <math.h>
#include <memory.h>
#include <signal.h>
#include <stdarg.h>
#include <stdbool.h>
#include <stddef.h>
#include <stdint.h>
#include <stdio.h>
#include <stdlib.h>
#include <string.h>
#include <strings.h>
#include <sys/types.h>
#include <time.h>
#include <wchar.h>

int main(int argc, char** argv)
{
  (void)argv;
#ifndef modf
  return ((int*)(&modf))[argc];
#else
  (void)argc;
  return 0;
#endif
}
Determining if the modff exist passed with the following output:
Change Dir: /src/build-linux-arm64/CMakeFiles/CMakeTmp

Run Build Command(s):/usr/bin/gmake -f Makefile cmTC_a8112/fast && /usr/bin/gmake  -f CMakeFiles/cmTC_a8112.dir/build.make CMakeFiles/cmTC_a8112.dir/build
gmake[1]: Entering directory '/src/build-linux-arm64/CMakeFiles/CMakeTmp'
Building C object CMakeFiles/cmTC_a8112.dir/CheckSymbolExists.c.o
/usr/bin/cc   -D_GNU_SOURCE=1 -std=gnu11 -o CMakeFiles/cmTC_a8112.dir/CheckSymbolExists.c.o -c /src/build-linux-arm64/CMakeFiles/CMakeTmp/CheckSymbolExists.c
Linking C executable cmTC_a8112
/usr/bin/cmake -E cmake_link_script CMakeFiles/cmTC_a8112.dir/link.txt --verbose=1
/usr/bin/cc   -D_GNU_SOURCE=1 CMakeFiles/cmTC_a8112.dir/CheckSymbolExists.c.o -o cmTC_a8112  -lm 
gmake[1]: Leaving directory '/src/build-linux-arm64/CMakeFiles/CMakeTmp'


File /src/build-linux-arm64/CMakeFiles/CMakeTmp/CheckSymbolExists.c:
/* */
#include <float.h>
#include <iconv.h>
#include <inttypes.h>
#include <limits.h>
#include <malloc.h>
#include <math.h>
#include <memory.h>
#include <signal.h>
#include <stdarg.h>
#include <stdbool.h>
#include <stddef.h>
#include <stdint.h>
#include <stdio.h>
#include <stdlib.h>
#include <string.h>
#include <strings.h>
#include <sys/types.h>
#include <time.h>
#include <wchar.h>

int main(int argc, char** argv)
{
  (void)argv;
#ifndef modff
  return ((int*)(&modff))[argc];
#else
  (void)argc;
  return 0;
#endif
}
Determining if the pow exist passed with the following output:
Change Dir: /src/build-linux-arm64/CMakeFiles/CMakeTmp

Run Build Command(s):/usr/bin/gmake -f Makefile cmTC_6090b/fast && /usr/bin/gmake  -f CMakeFiles/cmTC_6090b.dir/build.make CMakeFiles/cmTC_6090b.dir/build
gmake[1]: Entering directory '/src/build-linux-arm64/CMakeFiles/CMakeTmp'
Building C object CMakeFiles/cmTC_6090b.dir/CheckSymbolExists.c.o
/usr/bin/cc   -D_GNU_SOURCE=1 -std=gnu11 -o CMakeFiles/cmTC_6090b.dir/CheckSymbolExists.c.o -c /src/build-linux-arm64/CMakeFiles/CMakeTmp/CheckSymbolExists.c
Linking C executable cmTC_6090b
/usr/bin/cmake -E cmake_link_script CMakeFiles/cmTC_6090b.dir/link.txt --verbose=1
/usr/bin/cc   -D_GNU_SOURCE=1 CMakeFiles/cmTC_6090b.dir/CheckSymbolExists.c.o -o cmTC_6090b  -lm 
gmake[1]: Leaving directory '/src/build-linux-arm64/CMakeFiles/CMakeTmp'


File /src/build-linux-arm64/CMakeFiles/CMakeTmp/CheckSymbolExists.c:
/* */
#include <float.h>
#include <iconv.h>
#include <inttypes.h>
#include <limits.h>
#include <malloc.h>
#include <math.h>
#include <memory.h>
#include <signal.h>
#include <stdarg.h>
#include <stdbool.h>
#include <stddef.h>
#include <stdint.h>
#include <stdio.h>
#include <stdlib.h>
#include <string.h>
#include <strings.h>
#include <sys/types.h>
#include <time.h>
#include <wchar.h>

int main(int argc, char** argv)
{
  (void)argv;
#ifndef pow
  return ((int*)(&pow))[argc];
#else
  (void)argc;
  return 0;
#endif
}
Determining if the powf exist passed with the following output:
Change Dir: /src/build-linux-arm64/CMakeFiles/CMakeTmp

Run Build Command(s):/usr/bin/gmake -f Makefile cmTC_37b63/fast && /usr/bin/gmake  -f CMakeFiles/cmTC_37b63.dir/build.make CMakeFiles/cmTC_37b63.dir/build
gmake[1]: Entering directory '/src/build-linux-arm64/CMakeFiles/CMakeTmp'
Building C object CMakeFiles/cmTC_37b63.dir/CheckSymbolExists.c.o
/usr/bin/cc   -D_GNU_SOURCE=1 -std=gnu11 -o CMakeFiles/cmTC_37b63.dir/CheckSymbolExists.c.o -c /src/build-linux-arm64/CMakeFiles/CMakeTmp/CheckSymbolExists.c
Linking C executable cmTC_37b63
/usr/bin/cmake -E cmake_link_script CMakeFiles/cmTC_37b63.dir/link.txt --verbose=1
/usr/bin/cc   -D_GNU_SOURCE=1 CMakeFiles/cmTC_37b63.dir/CheckSymbolExists.c.o -o cmTC_37b63  -lm 
gmake[1]: Leaving directory '/src/build-linux-arm64/CMakeFiles/CMakeTmp'


File /src/build-linux-arm64/CMakeFiles/CMakeTmp/CheckSymbolExists.c:
/* */
#include <float.h>
#include <iconv.h>
#include <inttypes.h>
#include <limits.h>
#include <malloc.h>
#include <math.h>
#include <memory.h>
#include <signal.h>
#include <stdarg.h>
#include <stdbool.h>
#include <stddef.h>
#include <stdint.h>
#include <stdio.h>
#include <stdlib.h>
#include <string.h>
#include <strings.h>
#include <sys/types.h>
#include <time.h>
#include <wchar.h>

int main(int argc, char** argv)
{
  (void)argv;
#ifndef powf
  return ((int*)(&powf))[argc];
#else
  (void)argc;
  return 0;
#endif
}
Determining if the putenv exist passed with the following output:
Change Dir: /src/build-linux-arm64/CMakeFiles/CMakeTmp

Run Build Command(s):/usr/bin/gmake -f Makefile cmTC_9d526/fast && /usr/bin/gmake  -f CMakeFiles/cmTC_9d526.dir/build.make CMakeFiles/cmTC_9d526.dir/build
gmake[1]: Entering directory '/src/build-linux-arm64/CMakeFiles/CMakeTmp'
Building C object CMakeFiles/cmTC_9d526.dir/CheckSymbolExists.c.o
/usr/bin/cc   -D_GNU_SOURCE=1 -std=gnu11 -o CMakeFiles/cmTC_9d526.dir/CheckSymbolExists.c.o -c /src/build-linux-arm64/CMakeFiles/CMakeTmp/CheckSymbolExists.c
Linking C executable cmTC_9d526
/usr/bin/cmake -E cmake_link_script CMakeFiles/cmTC_9d526.dir/link.txt --verbose=1
/usr/bin/cc   -D_GNU_SOURCE=1 CMakeFiles/cmTC_9d526.dir/CheckSymbolExists.c.o -o cmTC_9d526  -lm 
gmake[1]: Leaving directory '/src/build-linux-arm64/CMakeFiles/CMakeTmp'


File /src/build-linux-arm64/CMakeFiles/CMakeTmp/CheckSymbolExists.c:
/* */
#include <float.h>
#include <iconv.h>
#include <inttypes.h>
#include <limits.h>
#include <malloc.h>
#include <math.h>
#include <memory.h>
#include <signal.h>
#include <stdarg.h>
#include <stdbool.h>
#include <stddef.h>
#include <stdint.h>
#include <stdio.h>
#include <stdlib.h>
#include <string.h>
#include <strings.h>
#include <sys/types.h>
#include <time.h>
#include <wchar.h>

int main(int argc, char** argv)
{
  (void)argv;
#ifndef putenv
  return ((int*)(&putenv))[argc];
#else
  (void)argc;
  return 0;
#endif
}
Determining if the rindex exist passed with the following output:
Change Dir: /src/build-linux-arm64/CMakeFiles/CMakeTmp

Run Build Command(s):/usr/bin/gmake -f Makefile cmTC_c964f/fast && /usr/bin/gmake  -f CMakeFiles/cmTC_c964f.dir/build.make CMakeFiles/cmTC_c964f.dir/build
gmake[1]: Entering directory '/src/build-linux-arm64/CMakeFiles/CMakeTmp'
Building C object CMakeFiles/cmTC_c964f.dir/CheckSymbolExists.c.o
/usr/bin/cc   -D_GNU_SOURCE=1 -std=gnu11 -o CMakeFiles/cmTC_c964f.dir/CheckSymbolExists.c.o -c /src/build-linux-arm64/CMakeFiles/CMakeTmp/CheckSymbolExists.c
Linking C executable cmTC_c964f
/usr/bin/cmake -E cmake_link_script CMakeFiles/cmTC_c964f.dir/link.txt --verbose=1
/usr/bin/cc   -D_GNU_SOURCE=1 CMakeFiles/cmTC_c964f.dir/CheckSymbolExists.c.o -o cmTC_c964f  -lm 
gmake[1]: Leaving directory '/src/build-linux-arm64/CMakeFiles/CMakeTmp'


File /src/build-linux-arm64/CMakeFiles/CMakeTmp/CheckSymbolExists.c:
/* */
#include <float.h>
#include <iconv.h>
#include <inttypes.h>
#include <limits.h>
#include <malloc.h>
#include <math.h>
#include <memory.h>
#include <signal.h>
#include <stdarg.h>
#include <stdbool.h>
#include <stddef.h>
#include <stdint.h>
#include <stdio.h>
#include <stdlib.h>
#include <string.h>
#include <strings.h>
#include <sys/types.h>
#include <time.h>
#include <wchar.h>

int main(int argc, char** argv)
{
  (void)argv;
#ifndef rindex
  return ((int*)(&rindex))[argc];
#else
  (void)argc;
  return 0;
#endif
}
Determining if the round exist passed with the following output:
Change Dir: /src/build-linux-arm64/CMakeFiles/CMakeTmp

Run Build Command(s):/usr/bin/gmake -f Makefile cmTC_5adf9/fast && /usr/bin/gmake  -f CMakeFiles/cmTC_5adf9.dir/build.make CMakeFiles/cmTC_5adf9.dir/build
gmake[1]: Entering directory '/src/build-linux-arm64/CMakeFiles/CMakeTmp'
Building C object CMakeFiles/cmTC_5adf9.dir/CheckSymbolExists.c.o
/usr/bin/cc   -D_GNU_SOURCE=1 -std=gnu11 -o CMakeFiles/cmTC_5adf9.dir/CheckSymbolExists.c.o -c /src/build-linux-arm64/CMakeFiles/CMakeTmp/CheckSymbolExists.c
Linking C executable cmTC_5adf9
/usr/bin/cmake -E cmake_link_script CMakeFiles/cmTC_5adf9.dir/link.txt --verbose=1
/usr/bin/cc   -D_GNU_SOURCE=1 CMakeFiles/cmTC_5adf9.dir/CheckSymbolExists.c.o -o cmTC_5adf9  -lm 
gmake[1]: Leaving directory '/src/build-linux-arm64/CMakeFiles/CMakeTmp'


File /src/build-linux-arm64/CMakeFiles/CMakeTmp/CheckSymbolExists.c:
/* */
#include <float.h>
#include <iconv.h>
#include <inttypes.h>
#include <limits.h>
#include <malloc.h>
#include <math.h>
#include <memory.h>
#include <signal.h>
#include <stdarg.h>
#include <stdbool.h>
#include <stddef.h>
#include <stdint.h>
#include <stdio.h>
#include <stdlib.h>
#include <string.h>
#include <strings.h>
#include <sys/types.h>
#include <time.h>
#include <wchar.h>

int main(int argc, char** argv)
{
  (void)argv;
#ifndef round
  return ((int*)(&round))[argc];
#else
  (void)argc;
  return 0;
#endif
}
Determining if the roundf exist passed with the following output:
Change Dir: /src/build-linux-arm64/CMakeFiles/CMakeTmp

Run Build Command(s):/usr/bin/gmake -f Makefile cmTC_220fb/fast && /usr/bin/gmake  -f CMakeFiles/cmTC_220fb.dir/build.make CMakeFiles/cmTC_220fb.dir/build
gmake[1]: Entering directory '/src/build-linux-arm64/CMakeFiles/CMakeTmp'
Building C object CMakeFiles/cmTC_220fb.dir/CheckSymbolExists.c.o
/usr/bin/cc   -D_GNU_SOURCE=1 -std=gnu11 -o CMakeFiles/cmTC_220fb.dir/CheckSymbolExists.c.o -c /src/build-linux-arm64/CMakeFiles/CMakeTmp/CheckSymbolExists.c
Linking C executable cmTC_220fb
/usr/bin/cmake -E cmake_link_script CMakeFiles/cmTC_220fb.dir/link.txt --verbose=1
/usr/bin/cc   -D_GNU_SOURCE=1 CMakeFiles/cmTC_220fb.dir/CheckSymbolExists.c.o -o cmTC_220fb  -lm 
gmake[1]: Leaving directory '/src/build-linux-arm64/CMakeFiles/CMakeTmp'


File /src/build-linux-arm64/CMakeFiles/CMakeTmp/CheckSymbolExists.c:
/* */
#include <float.h>
#include <iconv.h>
#include <inttypes.h>
#include <limits.h>
#include <malloc.h>
#include <math.h>
#include <memory.h>
#include <signal.h>
#include <stdarg.h>
#include <stdbool.h>
#include <stddef.h>
#include <stdint.h>
#include <stdio.h>
#include <stdlib.h>
#include <string.h>
#include <strings.h>
#include <sys/types.h>
#include <time.h>
#include <wchar.h>

int main(int argc, char** argv)
{
  (void)argv;
#ifndef roundf
  return ((int*)(&roundf))[argc];
#else
  (void)argc;
  return 0;
#endif
}
Determining if the scalbn exist passed with the following output:
Change Dir: /src/build-linux-arm64/CMakeFiles/CMakeTmp

Run Build Command(s):/usr/bin/gmake -f Makefile cmTC_9a2ed/fast && /usr/bin/gmake  -f CMakeFiles/cmTC_9a2ed.dir/build.make CMakeFiles/cmTC_9a2ed.dir/build
gmake[1]: Entering directory '/src/build-linux-arm64/CMakeFiles/CMakeTmp'
Building C object CMakeFiles/cmTC_9a2ed.dir/CheckSymbolExists.c.o
/usr/bin/cc   -D_GNU_SOURCE=1 -std=gnu11 -o CMakeFiles/cmTC_9a2ed.dir/CheckSymbolExists.c.o -c /src/build-linux-arm64/CMakeFiles/CMakeTmp/CheckSymbolExists.c
Linking C executable cmTC_9a2ed
/usr/bin/cmake -E cmake_link_script CMakeFiles/cmTC_9a2ed.dir/link.txt --verbose=1
/usr/bin/cc   -D_GNU_SOURCE=1 CMakeFiles/cmTC_9a2ed.dir/CheckSymbolExists.c.o -o cmTC_9a2ed  -lm 
gmake[1]: Leaving directory '/src/build-linux-arm64/CMakeFiles/CMakeTmp'


File /src/build-linux-arm64/CMakeFiles/CMakeTmp/CheckSymbolExists.c:
/* */
#include <float.h>
#include <iconv.h>
#include <inttypes.h>
#include <limits.h>
#include <malloc.h>
#include <math.h>
#include <memory.h>
#include <signal.h>
#include <stdarg.h>
#include <stdbool.h>
#include <stddef.h>
#include <stdint.h>
#include <stdio.h>
#include <stdlib.h>
#include <string.h>
#include <strings.h>
#include <sys/types.h>
#include <time.h>
#include <wchar.h>

int main(int argc, char** argv)
{
  (void)argv;
#ifndef scalbn
  return ((int*)(&scalbn))[argc];
#else
  (void)argc;
  return 0;
#endif
}
Determining if the scalbnf exist passed with the following output:
Change Dir: /src/build-linux-arm64/CMakeFiles/CMakeTmp

Run Build Command(s):/usr/bin/gmake -f Makefile cmTC_0aac7/fast && /usr/bin/gmake  -f CMakeFiles/cmTC_0aac7.dir/build.make CMakeFiles/cmTC_0aac7.dir/build
gmake[1]: Entering directory '/src/build-linux-arm64/CMakeFiles/CMakeTmp'
Building C object CMakeFiles/cmTC_0aac7.dir/CheckSymbolExists.c.o
/usr/bin/cc   -D_GNU_SOURCE=1 -std=gnu11 -o CMakeFiles/cmTC_0aac7.dir/CheckSymbolExists.c.o -c /src/build-linux-arm64/CMakeFiles/CMakeTmp/CheckSymbolExists.c
Linking C executable cmTC_0aac7
/usr/bin/cmake -E cmake_link_script CMakeFiles/cmTC_0aac7.dir/link.txt --verbose=1
/usr/bin/cc   -D_GNU_SOURCE=1 CMakeFiles/cmTC_0aac7.dir/CheckSymbolExists.c.o -o cmTC_0aac7  -lm 
gmake[1]: Leaving directory '/src/build-linux-arm64/CMakeFiles/CMakeTmp'


File /src/build-linux-arm64/CMakeFiles/CMakeTmp/CheckSymbolExists.c:
/* */
#include <float.h>
#include <iconv.h>
#include <inttypes.h>
#include <limits.h>
#include <malloc.h>
#include <math.h>
#include <memory.h>
#include <signal.h>
#include <stdarg.h>
#include <stdbool.h>
#include <stddef.h>
#include <stdint.h>
#include <stdio.h>
#include <stdlib.h>
#include <string.h>
#include <strings.h>
#include <sys/types.h>
#include <time.h>
#include <wchar.h>

int main(int argc, char** argv)
{
  (void)argv;
#ifndef scalbnf
  return ((int*)(&scalbnf))[argc];
#else
  (void)argc;
  return 0;
#endif
}
Determining if the setenv exist passed with the following output:
Change Dir: /src/build-linux-arm64/CMakeFiles/CMakeTmp

Run Build Command(s):/usr/bin/gmake -f Makefile cmTC_ce4d2/fast && /usr/bin/gmake  -f CMakeFiles/cmTC_ce4d2.dir/build.make CMakeFiles/cmTC_ce4d2.dir/build
gmake[1]: Entering directory '/src/build-linux-arm64/CMakeFiles/CMakeTmp'
Building C object CMakeFiles/cmTC_ce4d2.dir/CheckSymbolExists.c.o
/usr/bin/cc   -D_GNU_SOURCE=1 -std=gnu11 -o CMakeFiles/cmTC_ce4d2.dir/CheckSymbolExists.c.o -c /src/build-linux-arm64/CMakeFiles/CMakeTmp/CheckSymbolExists.c
Linking C executable cmTC_ce4d2
/usr/bin/cmake -E cmake_link_script CMakeFiles/cmTC_ce4d2.dir/link.txt --verbose=1
/usr/bin/cc   -D_GNU_SOURCE=1 CMakeFiles/cmTC_ce4d2.dir/CheckSymbolExists.c.o -o cmTC_ce4d2  -lm 
gmake[1]: Leaving directory '/src/build-linux-arm64/CMakeFiles/CMakeTmp'


File /src/build-linux-arm64/CMakeFiles/CMakeTmp/CheckSymbolExists.c:
/* */
#include <float.h>
#include <iconv.h>
#include <inttypes.h>
#include <limits.h>
#include <malloc.h>
#include <math.h>
#include <memory.h>
#include <signal.h>
#include <stdarg.h>
#include <stdbool.h>
#include <stddef.h>
#include <stdint.h>
#include <stdio.h>
#include <stdlib.h>
#include <string.h>
#include <strings.h>
#include <sys/types.h>
#include <time.h>
#include <wchar.h>

int main(int argc, char** argv)
{
  (void)argv;
#ifndef setenv
  return ((int*)(&setenv))[argc];
#else
  (void)argc;
  return 0;
#endif
}
Determining if the sin exist passed with the following output:
Change Dir: /src/build-linux-arm64/CMakeFiles/CMakeTmp

Run Build Command(s):/usr/bin/gmake -f Makefile cmTC_0c86b/fast && /usr/bin/gmake  -f CMakeFiles/cmTC_0c86b.dir/build.make CMakeFiles/cmTC_0c86b.dir/build
gmake[1]: Entering directory '/src/build-linux-arm64/CMakeFiles/CMakeTmp'
Building C object CMakeFiles/cmTC_0c86b.dir/CheckSymbolExists.c.o
/usr/bin/cc   -D_GNU_SOURCE=1 -std=gnu11 -o CMakeFiles/cmTC_0c86b.dir/CheckSymbolExists.c.o -c /src/build-linux-arm64/CMakeFiles/CMakeTmp/CheckSymbolExists.c
Linking C executable cmTC_0c86b
/usr/bin/cmake -E cmake_link_script CMakeFiles/cmTC_0c86b.dir/link.txt --verbose=1
/usr/bin/cc   -D_GNU_SOURCE=1 CMakeFiles/cmTC_0c86b.dir/CheckSymbolExists.c.o -o cmTC_0c86b  -lm 
gmake[1]: Leaving directory '/src/build-linux-arm64/CMakeFiles/CMakeTmp'


File /src/build-linux-arm64/CMakeFiles/CMakeTmp/CheckSymbolExists.c:
/* */
#include <float.h>
#include <iconv.h>
#include <inttypes.h>
#include <limits.h>
#include <malloc.h>
#include <math.h>
#include <memory.h>
#include <signal.h>
#include <stdarg.h>
#include <stdbool.h>
#include <stddef.h>
#include <stdint.h>
#include <stdio.h>
#include <stdlib.h>
#include <string.h>
#include <strings.h>
#include <sys/types.h>
#include <time.h>
#include <wchar.h>

int main(int argc, char** argv)
{
  (void)argv;
#ifndef sin
  return ((int*)(&sin))[argc];
#else
  (void)argc;
  return 0;
#endif
}
Determining if the sinf exist passed with the following output:
Change Dir: /src/build-linux-arm64/CMakeFiles/CMakeTmp

Run Build Command(s):/usr/bin/gmake -f Makefile cmTC_f57e3/fast && /usr/bin/gmake  -f CMakeFiles/cmTC_f57e3.dir/build.make CMakeFiles/cmTC_f57e3.dir/build
gmake[1]: Entering directory '/src/build-linux-arm64/CMakeFiles/CMakeTmp'
Building C object CMakeFiles/cmTC_f57e3.dir/CheckSymbolExists.c.o
/usr/bin/cc   -D_GNU_SOURCE=1 -std=gnu11 -o CMakeFiles/cmTC_f57e3.dir/CheckSymbolExists.c.o -c /src/build-linux-arm64/CMakeFiles/CMakeTmp/CheckSymbolExists.c
Linking C executable cmTC_f57e3
/usr/bin/cmake -E cmake_link_script CMakeFiles/cmTC_f57e3.dir/link.txt --verbose=1
/usr/bin/cc   -D_GNU_SOURCE=1 CMakeFiles/cmTC_f57e3.dir/CheckSymbolExists.c.o -o cmTC_f57e3  -lm 
gmake[1]: Leaving directory '/src/build-linux-arm64/CMakeFiles/CMakeTmp'


File /src/build-linux-arm64/CMakeFiles/CMakeTmp/CheckSymbolExists.c:
/* */
#include <float.h>
#include <iconv.h>
#include <inttypes.h>
#include <limits.h>
#include <malloc.h>
#include <math.h>
#include <memory.h>
#include <signal.h>
#include <stdarg.h>
#include <stdbool.h>
#include <stddef.h>
#include <stdint.h>
#include <stdio.h>
#include <stdlib.h>
#include <string.h>
#include <strings.h>
#include <sys/types.h>
#include <time.h>
#include <wchar.h>

int main(int argc, char** argv)
{
  (void)argv;
#ifndef sinf
  return ((int*)(&sinf))[argc];
#else
  (void)argc;
  return 0;
#endif
}
Determining if the sqrt exist passed with the following output:
Change Dir: /src/build-linux-arm64/CMakeFiles/CMakeTmp

Run Build Command(s):/usr/bin/gmake -f Makefile cmTC_8a2d4/fast && /usr/bin/gmake  -f CMakeFiles/cmTC_8a2d4.dir/build.make CMakeFiles/cmTC_8a2d4.dir/build
gmake[1]: Entering directory '/src/build-linux-arm64/CMakeFiles/CMakeTmp'
Building C object CMakeFiles/cmTC_8a2d4.dir/CheckSymbolExists.c.o
/usr/bin/cc   -D_GNU_SOURCE=1 -std=gnu11 -o CMakeFiles/cmTC_8a2d4.dir/CheckSymbolExists.c.o -c /src/build-linux-arm64/CMakeFiles/CMakeTmp/CheckSymbolExists.c
Linking C executable cmTC_8a2d4
/usr/bin/cmake -E cmake_link_script CMakeFiles/cmTC_8a2d4.dir/link.txt --verbose=1
/usr/bin/cc   -D_GNU_SOURCE=1 CMakeFiles/cmTC_8a2d4.dir/CheckSymbolExists.c.o -o cmTC_8a2d4  -lm 
gmake[1]: Leaving directory '/src/build-linux-arm64/CMakeFiles/CMakeTmp'


File /src/build-linux-arm64/CMakeFiles/CMakeTmp/CheckSymbolExists.c:
/* */
#include <float.h>
#include <iconv.h>
#include <inttypes.h>
#include <limits.h>
#include <malloc.h>
#include <math.h>
#include <memory.h>
#include <signal.h>
#include <stdarg.h>
#include <stdbool.h>
#include <stddef.h>
#include <stdint.h>
#include <stdio.h>
#include <stdlib.h>
#include <string.h>
#include <strings.h>
#include <sys/types.h>
#include <time.h>
#include <wchar.h>

int main(int argc, char** argv)
{
  (void)argv;
#ifndef sqrt
  return ((int*)(&sqrt))[argc];
#else
  (void)argc;
  return 0;
#endif
}
Determining if the sqrtf exist passed with the following output:
Change Dir: /src/build-linux-arm64/CMakeFiles/CMakeTmp

Run Build Command(s):/usr/bin/gmake -f Makefile cmTC_82412/fast && /usr/bin/gmake  -f CMakeFiles/cmTC_82412.dir/build.make CMakeFiles/cmTC_82412.dir/build
gmake[1]: Entering directory '/src/build-linux-arm64/CMakeFiles/CMakeTmp'
Building C object CMakeFiles/cmTC_82412.dir/CheckSymbolExists.c.o
/usr/bin/cc   -D_GNU_SOURCE=1 -std=gnu11 -o CMakeFiles/cmTC_82412.dir/CheckSymbolExists.c.o -c /src/build-linux-arm64/CMakeFiles/CMakeTmp/CheckSymbolExists.c
Linking C executable cmTC_82412
/usr/bin/cmake -E cmake_link_script CMakeFiles/cmTC_82412.dir/link.txt --verbose=1
/usr/bin/cc   -D_GNU_SOURCE=1 CMakeFiles/cmTC_82412.dir/CheckSymbolExists.c.o -o cmTC_82412  -lm 
gmake[1]: Leaving directory '/src/build-linux-arm64/CMakeFiles/CMakeTmp'


File /src/build-linux-arm64/CMakeFiles/CMakeTmp/CheckSymbolExists.c:
/* */
#include <float.h>
#include <iconv.h>
#include <inttypes.h>
#include <limits.h>
#include <malloc.h>
#include <math.h>
#include <memory.h>
#include <signal.h>
#include <stdarg.h>
#include <stdbool.h>
#include <stddef.h>
#include <stdint.h>
#include <stdio.h>
#include <stdlib.h>
#include <string.h>
#include <strings.h>
#include <sys/types.h>
#include <time.h>
#include <wchar.h>

int main(int argc, char** argv)
{
  (void)argv;
#ifndef sqrtf
  return ((int*)(&sqrtf))[argc];
#else
  (void)argc;
  return 0;
#endif
}
Determining if the sscanf exist passed with the following output:
Change Dir: /src/build-linux-arm64/CMakeFiles/CMakeTmp

Run Build Command(s):/usr/bin/gmake -f Makefile cmTC_68ccd/fast && /usr/bin/gmake  -f CMakeFiles/cmTC_68ccd.dir/build.make CMakeFiles/cmTC_68ccd.dir/build
gmake[1]: Entering directory '/src/build-linux-arm64/CMakeFiles/CMakeTmp'
Building C object CMakeFiles/cmTC_68ccd.dir/CheckSymbolExists.c.o
/usr/bin/cc   -D_GNU_SOURCE=1 -std=gnu11 -o CMakeFiles/cmTC_68ccd.dir/CheckSymbolExists.c.o -c /src/build-linux-arm64/CMakeFiles/CMakeTmp/CheckSymbolExists.c
Linking C executable cmTC_68ccd
/usr/bin/cmake -E cmake_link_script CMakeFiles/cmTC_68ccd.dir/link.txt --verbose=1
/usr/bin/cc   -D_GNU_SOURCE=1 CMakeFiles/cmTC_68ccd.dir/CheckSymbolExists.c.o -o cmTC_68ccd  -lm 
gmake[1]: Leaving directory '/src/build-linux-arm64/CMakeFiles/CMakeTmp'


File /src/build-linux-arm64/CMakeFiles/CMakeTmp/CheckSymbolExists.c:
/* */
#include <float.h>
#include <iconv.h>
#include <inttypes.h>
#include <limits.h>
#include <malloc.h>
#include <math.h>
#include <memory.h>
#include <signal.h>
#include <stdarg.h>
#include <stdbool.h>
#include <stddef.h>
#include <stdint.h>
#include <stdio.h>
#include <stdlib.h>
#include <string.h>
#include <strings.h>
#include <sys/types.h>
#include <time.h>
#include <wchar.h>

int main(int argc, char** argv)
{
  (void)argv;
#ifndef sscanf
  return ((int*)(&sscanf))[argc];
#else
  (void)argc;
  return 0;
#endif
}
Determining if the strchr exist passed with the following output:
Change Dir: /src/build-linux-arm64/CMakeFiles/CMakeTmp

Run Build Command(s):/usr/bin/gmake -f Makefile cmTC_66de5/fast && /usr/bin/gmake  -f CMakeFiles/cmTC_66de5.dir/build.make CMakeFiles/cmTC_66de5.dir/build
gmake[1]: Entering directory '/src/build-linux-arm64/CMakeFiles/CMakeTmp'
Building C object CMakeFiles/cmTC_66de5.dir/CheckSymbolExists.c.o
/usr/bin/cc   -D_GNU_SOURCE=1 -std=gnu11 -o CMakeFiles/cmTC_66de5.dir/CheckSymbolExists.c.o -c /src/build-linux-arm64/CMakeFiles/CMakeTmp/CheckSymbolExists.c
Linking C executable cmTC_66de5
/usr/bin/cmake -E cmake_link_script CMakeFiles/cmTC_66de5.dir/link.txt --verbose=1
/usr/bin/cc   -D_GNU_SOURCE=1 CMakeFiles/cmTC_66de5.dir/CheckSymbolExists.c.o -o cmTC_66de5  -lm 
gmake[1]: Leaving directory '/src/build-linux-arm64/CMakeFiles/CMakeTmp'


File /src/build-linux-arm64/CMakeFiles/CMakeTmp/CheckSymbolExists.c:
/* */
#include <float.h>
#include <iconv.h>
#include <inttypes.h>
#include <limits.h>
#include <malloc.h>
#include <math.h>
#include <memory.h>
#include <signal.h>
#include <stdarg.h>
#include <stdbool.h>
#include <stddef.h>
#include <stdint.h>
#include <stdio.h>
#include <stdlib.h>
#include <string.h>
#include <strings.h>
#include <sys/types.h>
#include <time.h>
#include <wchar.h>

int main(int argc, char** argv)
{
  (void)argv;
#ifndef strchr
  return ((int*)(&strchr))[argc];
#else
  (void)argc;
  return 0;
#endif
}
Determining if the strcmp exist passed with the following output:
Change Dir: /src/build-linux-arm64/CMakeFiles/CMakeTmp

Run Build Command(s):/usr/bin/gmake -f Makefile cmTC_c34cf/fast && /usr/bin/gmake  -f CMakeFiles/cmTC_c34cf.dir/build.make CMakeFiles/cmTC_c34cf.dir/build
gmake[1]: Entering directory '/src/build-linux-arm64/CMakeFiles/CMakeTmp'
Building C object CMakeFiles/cmTC_c34cf.dir/CheckSymbolExists.c.o
/usr/bin/cc   -D_GNU_SOURCE=1 -std=gnu11 -o CMakeFiles/cmTC_c34cf.dir/CheckSymbolExists.c.o -c /src/build-linux-arm64/CMakeFiles/CMakeTmp/CheckSymbolExists.c
Linking C executable cmTC_c34cf
/usr/bin/cmake -E cmake_link_script CMakeFiles/cmTC_c34cf.dir/link.txt --verbose=1
/usr/bin/cc   -D_GNU_SOURCE=1 CMakeFiles/cmTC_c34cf.dir/CheckSymbolExists.c.o -o cmTC_c34cf  -lm 
gmake[1]: Leaving directory '/src/build-linux-arm64/CMakeFiles/CMakeTmp'


File /src/build-linux-arm64/CMakeFiles/CMakeTmp/CheckSymbolExists.c:
/* */
#include <float.h>
#include <iconv.h>
#include <inttypes.h>
#include <limits.h>
#include <malloc.h>
#include <math.h>
#include <memory.h>
#include <signal.h>
#include <stdarg.h>
#include <stdbool.h>
#include <stddef.h>
#include <stdint.h>
#include <stdio.h>
#include <stdlib.h>
#include <string.h>
#include <strings.h>
#include <sys/types.h>
#include <time.h>
#include <wchar.h>

int main(int argc, char** argv)
{
  (void)argv;
#ifndef strcmp
  return ((int*)(&strcmp))[argc];
#else
  (void)argc;
  return 0;
#endif
}
Determining if the strlen exist passed with the following output:
Change Dir: /src/build-linux-arm64/CMakeFiles/CMakeTmp

Run Build Command(s):/usr/bin/gmake -f Makefile cmTC_54123/fast && /usr/bin/gmake  -f CMakeFiles/cmTC_54123.dir/build.make CMakeFiles/cmTC_54123.dir/build
gmake[1]: Entering directory '/src/build-linux-arm64/CMakeFiles/CMakeTmp'
Building C object CMakeFiles/cmTC_54123.dir/CheckSymbolExists.c.o
/usr/bin/cc   -D_GNU_SOURCE=1 -std=gnu11 -o CMakeFiles/cmTC_54123.dir/CheckSymbolExists.c.o -c /src/build-linux-arm64/CMakeFiles/CMakeTmp/CheckSymbolExists.c
Linking C executable cmTC_54123
/usr/bin/cmake -E cmake_link_script CMakeFiles/cmTC_54123.dir/link.txt --verbose=1
/usr/bin/cc   -D_GNU_SOURCE=1 CMakeFiles/cmTC_54123.dir/CheckSymbolExists.c.o -o cmTC_54123  -lm 
gmake[1]: Leaving directory '/src/build-linux-arm64/CMakeFiles/CMakeTmp'


File /src/build-linux-arm64/CMakeFiles/CMakeTmp/CheckSymbolExists.c:
/* */
#include <float.h>
#include <iconv.h>
#include <inttypes.h>
#include <limits.h>
#include <malloc.h>
#include <math.h>
#include <memory.h>
#include <signal.h>
#include <stdarg.h>
#include <stdbool.h>
#include <stddef.h>
#include <stdint.h>
#include <stdio.h>
#include <stdlib.h>
#include <string.h>
#include <strings.h>
#include <sys/types.h>
#include <time.h>
#include <wchar.h>

int main(int argc, char** argv)
{
  (void)argv;
#ifndef strlen
  return ((int*)(&strlen))[argc];
#else
  (void)argc;
  return 0;
#endif
}
Determining if the strncmp exist passed with the following output:
Change Dir: /src/build-linux-arm64/CMakeFiles/CMakeTmp

Run Build Command(s):/usr/bin/gmake -f Makefile cmTC_cb82c/fast && /usr/bin/gmake  -f CMakeFiles/cmTC_cb82c.dir/build.make CMakeFiles/cmTC_cb82c.dir/build
gmake[1]: Entering directory '/src/build-linux-arm64/CMakeFiles/CMakeTmp'
Building C object CMakeFiles/cmTC_cb82c.dir/CheckSymbolExists.c.o
/usr/bin/cc   -D_GNU_SOURCE=1 -std=gnu11 -o CMakeFiles/cmTC_cb82c.dir/CheckSymbolExists.c.o -c /src/build-linux-arm64/CMakeFiles/CMakeTmp/CheckSymbolExists.c
Linking C executable cmTC_cb82c
/usr/bin/cmake -E cmake_link_script CMakeFiles/cmTC_cb82c.dir/link.txt --verbose=1
/usr/bin/cc   -D_GNU_SOURCE=1 CMakeFiles/cmTC_cb82c.dir/CheckSymbolExists.c.o -o cmTC_cb82c  -lm 
gmake[1]: Leaving directory '/src/build-linux-arm64/CMakeFiles/CMakeTmp'


File /src/build-linux-arm64/CMakeFiles/CMakeTmp/CheckSymbolExists.c:
/* */
#include <float.h>
#include <iconv.h>
#include <inttypes.h>
#include <limits.h>
#include <malloc.h>
#include <math.h>
#include <memory.h>
#include <signal.h>
#include <stdarg.h>
#include <stdbool.h>
#include <stddef.h>
#include <stdint.h>
#include <stdio.h>
#include <stdlib.h>
#include <string.h>
#include <strings.h>
#include <sys/types.h>
#include <time.h>
#include <wchar.h>

int main(int argc, char** argv)
{
  (void)argv;
#ifndef strncmp
  return ((int*)(&strncmp))[argc];
#else
  (void)argc;
  return 0;
#endif
}
Determining if the strnlen exist passed with the following output:
Change Dir: /src/build-linux-arm64/CMakeFiles/CMakeTmp

Run Build Command(s):/usr/bin/gmake -f Makefile cmTC_e6be9/fast && /usr/bin/gmake  -f CMakeFiles/cmTC_e6be9.dir/build.make CMakeFiles/cmTC_e6be9.dir/build
gmake[1]: Entering directory '/src/build-linux-arm64/CMakeFiles/CMakeTmp'
Building C object CMakeFiles/cmTC_e6be9.dir/CheckSymbolExists.c.o
/usr/bin/cc   -D_GNU_SOURCE=1 -std=gnu11 -o CMakeFiles/cmTC_e6be9.dir/CheckSymbolExists.c.o -c /src/build-linux-arm64/CMakeFiles/CMakeTmp/CheckSymbolExists.c
Linking C executable cmTC_e6be9
/usr/bin/cmake -E cmake_link_script CMakeFiles/cmTC_e6be9.dir/link.txt --verbose=1
/usr/bin/cc   -D_GNU_SOURCE=1 CMakeFiles/cmTC_e6be9.dir/CheckSymbolExists.c.o -o cmTC_e6be9  -lm 
gmake[1]: Leaving directory '/src/build-linux-arm64/CMakeFiles/CMakeTmp'


File /src/build-linux-arm64/CMakeFiles/CMakeTmp/CheckSymbolExists.c:
/* */
#include <float.h>
#include <iconv.h>
#include <inttypes.h>
#include <limits.h>
#include <malloc.h>
#include <math.h>
#include <memory.h>
#include <signal.h>
#include <stdarg.h>
#include <stdbool.h>
#include <stddef.h>
#include <stdint.h>
#include <stdio.h>
#include <stdlib.h>
#include <string.h>
#include <strings.h>
#include <sys/types.h>
#include <time.h>
#include <wchar.h>

int main(int argc, char** argv)
{
  (void)argv;
#ifndef strnlen
  return ((int*)(&strnlen))[argc];
#else
  (void)argc;
  return 0;
#endif
}
Determining if the strpbrk exist passed with the following output:
Change Dir: /src/build-linux-arm64/CMakeFiles/CMakeTmp

Run Build Command(s):/usr/bin/gmake -f Makefile cmTC_ff1bf/fast && /usr/bin/gmake  -f CMakeFiles/cmTC_ff1bf.dir/build.make CMakeFiles/cmTC_ff1bf.dir/build
gmake[1]: Entering directory '/src/build-linux-arm64/CMakeFiles/CMakeTmp'
Building C object CMakeFiles/cmTC_ff1bf.dir/CheckSymbolExists.c.o
/usr/bin/cc   -D_GNU_SOURCE=1 -std=gnu11 -o CMakeFiles/cmTC_ff1bf.dir/CheckSymbolExists.c.o -c /src/build-linux-arm64/CMakeFiles/CMakeTmp/CheckSymbolExists.c
Linking C executable cmTC_ff1bf
/usr/bin/cmake -E cmake_link_script CMakeFiles/cmTC_ff1bf.dir/link.txt --verbose=1
/usr/bin/cc   -D_GNU_SOURCE=1 CMakeFiles/cmTC_ff1bf.dir/CheckSymbolExists.c.o -o cmTC_ff1bf  -lm 
gmake[1]: Leaving directory '/src/build-linux-arm64/CMakeFiles/CMakeTmp'


File /src/build-linux-arm64/CMakeFiles/CMakeTmp/CheckSymbolExists.c:
/* */
#include <float.h>
#include <iconv.h>
#include <inttypes.h>
#include <limits.h>
#include <malloc.h>
#include <math.h>
#include <memory.h>
#include <signal.h>
#include <stdarg.h>
#include <stdbool.h>
#include <stddef.h>
#include <stdint.h>
#include <stdio.h>
#include <stdlib.h>
#include <string.h>
#include <strings.h>
#include <sys/types.h>
#include <time.h>
#include <wchar.h>

int main(int argc, char** argv)
{
  (void)argv;
#ifndef strpbrk
  return ((int*)(&strpbrk))[argc];
#else
  (void)argc;
  return 0;
#endif
}
Determining if the strrchr exist passed with the following output:
Change Dir: /src/build-linux-arm64/CMakeFiles/CMakeTmp

Run Build Command(s):/usr/bin/gmake -f Makefile cmTC_59229/fast && /usr/bin/gmake  -f CMakeFiles/cmTC_59229.dir/build.make CMakeFiles/cmTC_59229.dir/build
gmake[1]: Entering directory '/src/build-linux-arm64/CMakeFiles/CMakeTmp'
Building C object CMakeFiles/cmTC_59229.dir/CheckSymbolExists.c.o
/usr/bin/cc   -D_GNU_SOURCE=1 -std=gnu11 -o CMakeFiles/cmTC_59229.dir/CheckSymbolExists.c.o -c /src/build-linux-arm64/CMakeFiles/CMakeTmp/CheckSymbolExists.c
Linking C executable cmTC_59229
/usr/bin/cmake -E cmake_link_script CMakeFiles/cmTC_59229.dir/link.txt --verbose=1
/usr/bin/cc   -D_GNU_SOURCE=1 CMakeFiles/cmTC_59229.dir/CheckSymbolExists.c.o -o cmTC_59229  -lm 
gmake[1]: Leaving directory '/src/build-linux-arm64/CMakeFiles/CMakeTmp'


File /src/build-linux-arm64/CMakeFiles/CMakeTmp/CheckSymbolExists.c:
/* */
#include <float.h>
#include <iconv.h>
#include <inttypes.h>
#include <limits.h>
#include <malloc.h>
#include <math.h>
#include <memory.h>
#include <signal.h>
#include <stdarg.h>
#include <stdbool.h>
#include <stddef.h>
#include <stdint.h>
#include <stdio.h>
#include <stdlib.h>
#include <string.h>
#include <strings.h>
#include <sys/types.h>
#include <time.h>
#include <wchar.h>

int main(int argc, char** argv)
{
  (void)argv;
#ifndef strrchr
  return ((int*)(&strrchr))[argc];
#else
  (void)argc;
  return 0;
#endif
}
Determining if the strstr exist passed with the following output:
Change Dir: /src/build-linux-arm64/CMakeFiles/CMakeTmp

Run Build Command(s):/usr/bin/gmake -f Makefile cmTC_f2833/fast && /usr/bin/gmake  -f CMakeFiles/cmTC_f2833.dir/build.make CMakeFiles/cmTC_f2833.dir/build
gmake[1]: Entering directory '/src/build-linux-arm64/CMakeFiles/CMakeTmp'
Building C object CMakeFiles/cmTC_f2833.dir/CheckSymbolExists.c.o
/usr/bin/cc   -D_GNU_SOURCE=1 -std=gnu11 -o CMakeFiles/cmTC_f2833.dir/CheckSymbolExists.c.o -c /src/build-linux-arm64/CMakeFiles/CMakeTmp/CheckSymbolExists.c
Linking C executable cmTC_f2833
/usr/bin/cmake -E cmake_link_script CMakeFiles/cmTC_f2833.dir/link.txt --verbose=1
/usr/bin/cc   -D_GNU_SOURCE=1 CMakeFiles/cmTC_f2833.dir/CheckSymbolExists.c.o -o cmTC_f2833  -lm 
gmake[1]: Leaving directory '/src/build-linux-arm64/CMakeFiles/CMakeTmp'


File /src/build-linux-arm64/CMakeFiles/CMakeTmp/CheckSymbolExists.c:
/* */
#include <float.h>
#include <iconv.h>
#include <inttypes.h>
#include <limits.h>
#include <malloc.h>
#include <math.h>
#include <memory.h>
#include <signal.h>
#include <stdarg.h>
#include <stdbool.h>
#include <stddef.h>
#include <stdint.h>
#include <stdio.h>
#include <stdlib.h>
#include <string.h>
#include <strings.h>
#include <sys/types.h>
#include <time.h>
#include <wchar.h>

int main(int argc, char** argv)
{
  (void)argv;
#ifndef strstr
  return ((int*)(&strstr))[argc];
#else
  (void)argc;
  return 0;
#endif
}
Determining if the strtod exist passed with the following output:
Change Dir: /src/build-linux-arm64/CMakeFiles/CMakeTmp

Run Build Command(s):/usr/bin/gmake -f Makefile cmTC_53663/fast && /usr/bin/gmake  -f CMakeFiles/cmTC_53663.dir/build.make CMakeFiles/cmTC_53663.dir/build
gmake[1]: Entering directory '/src/build-linux-arm64/CMakeFiles/CMakeTmp'
Building C object CMakeFiles/cmTC_53663.dir/CheckSymbolExists.c.o
/usr/bin/cc   -D_GNU_SOURCE=1 -std=gnu11 -o CMakeFiles/cmTC_53663.dir/CheckSymbolExists.c.o -c /src/build-linux-arm64/CMakeFiles/CMakeTmp/CheckSymbolExists.c
Linking C executable cmTC_53663
/usr/bin/cmake -E cmake_link_script CMakeFiles/cmTC_53663.dir/link.txt --verbose=1
/usr/bin/cc   -D_GNU_SOURCE=1 CMakeFiles/cmTC_53663.dir/CheckSymbolExists.c.o -o cmTC_53663  -lm 
gmake[1]: Leaving directory '/src/build-linux-arm64/CMakeFiles/CMakeTmp'


File /src/build-linux-arm64/CMakeFiles/CMakeTmp/CheckSymbolExists.c:
/* */
#include <float.h>
#include <iconv.h>
#include <inttypes.h>
#include <limits.h>
#include <malloc.h>
#include <math.h>
#include <memory.h>
#include <signal.h>
#include <stdarg.h>
#include <stdbool.h>
#include <stddef.h>
#include <stdint.h>
#include <stdio.h>
#include <stdlib.h>
#include <string.h>
#include <strings.h>
#include <sys/types.h>
#include <time.h>
#include <wchar.h>

int main(int argc, char** argv)
{
  (void)argv;
#ifndef strtod
  return ((int*)(&strtod))[argc];
#else
  (void)argc;
  return 0;
#endif
}
Determining if the strtok_r exist passed with the following output:
Change Dir: /src/build-linux-arm64/CMakeFiles/CMakeTmp

Run Build Command(s):/usr/bin/gmake -f Makefile cmTC_ed9c1/fast && /usr/bin/gmake  -f CMakeFiles/cmTC_ed9c1.dir/build.make CMakeFiles/cmTC_ed9c1.dir/build
gmake[1]: Entering directory '/src/build-linux-arm64/CMakeFiles/CMakeTmp'
Building C object CMakeFiles/cmTC_ed9c1.dir/CheckSymbolExists.c.o
/usr/bin/cc   -D_GNU_SOURCE=1 -std=gnu11 -o CMakeFiles/cmTC_ed9c1.dir/CheckSymbolExists.c.o -c /src/build-linux-arm64/CMakeFiles/CMakeTmp/CheckSymbolExists.c
Linking C executable cmTC_ed9c1
/usr/bin/cmake -E cmake_link_script CMakeFiles/cmTC_ed9c1.dir/link.txt --verbose=1
/usr/bin/cc   -D_GNU_SOURCE=1 CMakeFiles/cmTC_ed9c1.dir/CheckSymbolExists.c.o -o cmTC_ed9c1  -lm 
gmake[1]: Leaving directory '/src/build-linux-arm64/CMakeFiles/CMakeTmp'


File /src/build-linux-arm64/CMakeFiles/CMakeTmp/CheckSymbolExists.c:
/* */
#include <float.h>
#include <iconv.h>
#include <inttypes.h>
#include <limits.h>
#include <malloc.h>
#include <math.h>
#include <memory.h>
#include <signal.h>
#include <stdarg.h>
#include <stdbool.h>
#include <stddef.h>
#include <stdint.h>
#include <stdio.h>
#include <stdlib.h>
#include <string.h>
#include <strings.h>
#include <sys/types.h>
#include <time.h>
#include <wchar.h>

int main(int argc, char** argv)
{
  (void)argv;
#ifndef strtok_r
  return ((int*)(&strtok_r))[argc];
#else
  (void)argc;
  return 0;
#endif
}
Determining if the strtol exist passed with the following output:
Change Dir: /src/build-linux-arm64/CMakeFiles/CMakeTmp

Run Build Command(s):/usr/bin/gmake -f Makefile cmTC_438e8/fast && /usr/bin/gmake  -f CMakeFiles/cmTC_438e8.dir/build.make CMakeFiles/cmTC_438e8.dir/build
gmake[1]: Entering directory '/src/build-linux-arm64/CMakeFiles/CMakeTmp'
Building C object CMakeFiles/cmTC_438e8.dir/CheckSymbolExists.c.o
/usr/bin/cc   -D_GNU_SOURCE=1 -std=gnu11 -o CMakeFiles/cmTC_438e8.dir/CheckSymbolExists.c.o -c /src/build-linux-arm64/CMakeFiles/CMakeTmp/CheckSymbolExists.c
Linking C executable cmTC_438e8
/usr/bin/cmake -E cmake_link_script CMakeFiles/cmTC_438e8.dir/link.txt --verbose=1
/usr/bin/cc   -D_GNU_SOURCE=1 CMakeFiles/cmTC_438e8.dir/CheckSymbolExists.c.o -o cmTC_438e8  -lm 
gmake[1]: Leaving directory '/src/build-linux-arm64/CMakeFiles/CMakeTmp'


File /src/build-linux-arm64/CMakeFiles/CMakeTmp/CheckSymbolExists.c:
/* */
#include <float.h>
#include <iconv.h>
#include <inttypes.h>
#include <limits.h>
#include <malloc.h>
#include <math.h>
#include <memory.h>
#include <signal.h>
#include <stdarg.h>
#include <stdbool.h>
#include <stddef.h>
#include <stdint.h>
#include <stdio.h>
#include <stdlib.h>
#include <string.h>
#include <strings.h>
#include <sys/types.h>
#include <time.h>
#include <wchar.h>

int main(int argc, char** argv)
{
  (void)argv;
#ifndef strtol
  return ((int*)(&strtol))[argc];
#else
  (void)argc;
  return 0;
#endif
}
Determining if the strtoll exist passed with the following output:
Change Dir: /src/build-linux-arm64/CMakeFiles/CMakeTmp

Run Build Command(s):/usr/bin/gmake -f Makefile cmTC_abfb6/fast && /usr/bin/gmake  -f CMakeFiles/cmTC_abfb6.dir/build.make CMakeFiles/cmTC_abfb6.dir/build
gmake[1]: Entering directory '/src/build-linux-arm64/CMakeFiles/CMakeTmp'
Building C object CMakeFiles/cmTC_abfb6.dir/CheckSymbolExists.c.o
/usr/bin/cc   -D_GNU_SOURCE=1 -std=gnu11 -o CMakeFiles/cmTC_abfb6.dir/CheckSymbolExists.c.o -c /src/build-linux-arm64/CMakeFiles/CMakeTmp/CheckSymbolExists.c
Linking C executable cmTC_abfb6
/usr/bin/cmake -E cmake_link_script CMakeFiles/cmTC_abfb6.dir/link.txt --verbose=1
/usr/bin/cc   -D_GNU_SOURCE=1 CMakeFiles/cmTC_abfb6.dir/CheckSymbolExists.c.o -o cmTC_abfb6  -lm 
gmake[1]: Leaving directory '/src/build-linux-arm64/CMakeFiles/CMakeTmp'


File /src/build-linux-arm64/CMakeFiles/CMakeTmp/CheckSymbolExists.c:
/* */
#include <float.h>
#include <iconv.h>
#include <inttypes.h>
#include <limits.h>
#include <malloc.h>
#include <math.h>
#include <memory.h>
#include <signal.h>
#include <stdarg.h>
#include <stdbool.h>
#include <stddef.h>
#include <stdint.h>
#include <stdio.h>
#include <stdlib.h>
#include <string.h>
#include <strings.h>
#include <sys/types.h>
#include <time.h>
#include <wchar.h>

int main(int argc, char** argv)
{
  (void)argv;
#ifndef strtoll
  return ((int*)(&strtoll))[argc];
#else
  (void)argc;
  return 0;
#endif
}
Determining if the strtoul exist passed with the following output:
Change Dir: /src/build-linux-arm64/CMakeFiles/CMakeTmp

Run Build Command(s):/usr/bin/gmake -f Makefile cmTC_f1eb9/fast && /usr/bin/gmake  -f CMakeFiles/cmTC_f1eb9.dir/build.make CMakeFiles/cmTC_f1eb9.dir/build
gmake[1]: Entering directory '/src/build-linux-arm64/CMakeFiles/CMakeTmp'
Building C object CMakeFiles/cmTC_f1eb9.dir/CheckSymbolExists.c.o
/usr/bin/cc   -D_GNU_SOURCE=1 -std=gnu11 -o CMakeFiles/cmTC_f1eb9.dir/CheckSymbolExists.c.o -c /src/build-linux-arm64/CMakeFiles/CMakeTmp/CheckSymbolExists.c
Linking C executable cmTC_f1eb9
/usr/bin/cmake -E cmake_link_script CMakeFiles/cmTC_f1eb9.dir/link.txt --verbose=1
/usr/bin/cc   -D_GNU_SOURCE=1 CMakeFiles/cmTC_f1eb9.dir/CheckSymbolExists.c.o -o cmTC_f1eb9  -lm 
gmake[1]: Leaving directory '/src/build-linux-arm64/CMakeFiles/CMakeTmp'


File /src/build-linux-arm64/CMakeFiles/CMakeTmp/CheckSymbolExists.c:
/* */
#include <float.h>
#include <iconv.h>
#include <inttypes.h>
#include <limits.h>
#include <malloc.h>
#include <math.h>
#include <memory.h>
#include <signal.h>
#include <stdarg.h>
#include <stdbool.h>
#include <stddef.h>
#include <stdint.h>
#include <stdio.h>
#include <stdlib.h>
#include <string.h>
#include <strings.h>
#include <sys/types.h>
#include <time.h>
#include <wchar.h>

int main(int argc, char** argv)
{
  (void)argv;
#ifndef strtoul
  return ((int*)(&strtoul))[argc];
#else
  (void)argc;
  return 0;
#endif
}
Determining if the strtoull exist passed with the following output:
Change Dir: /src/build-linux-arm64/CMakeFiles/CMakeTmp

Run Build Command(s):/usr/bin/gmake -f Makefile cmTC_b0810/fast && /usr/bin/gmake  -f CMakeFiles/cmTC_b0810.dir/build.make CMakeFiles/cmTC_b0810.dir/build
gmake[1]: Entering directory '/src/build-linux-arm64/CMakeFiles/CMakeTmp'
Building C object CMakeFiles/cmTC_b0810.dir/CheckSymbolExists.c.o
/usr/bin/cc   -D_GNU_SOURCE=1 -std=gnu11 -o CMakeFiles/cmTC_b0810.dir/CheckSymbolExists.c.o -c /src/build-linux-arm64/CMakeFiles/CMakeTmp/CheckSymbolExists.c
Linking C executable cmTC_b0810
/usr/bin/cmake -E cmake_link_script CMakeFiles/cmTC_b0810.dir/link.txt --verbose=1
/usr/bin/cc   -D_GNU_SOURCE=1 CMakeFiles/cmTC_b0810.dir/CheckSymbolExists.c.o -o cmTC_b0810  -lm 
gmake[1]: Leaving directory '/src/build-linux-arm64/CMakeFiles/CMakeTmp'


File /src/build-linux-arm64/CMakeFiles/CMakeTmp/CheckSymbolExists.c:
/* */
#include <float.h>
#include <iconv.h>
#include <inttypes.h>
#include <limits.h>
#include <malloc.h>
#include <math.h>
#include <memory.h>
#include <signal.h>
#include <stdarg.h>
#include <stdbool.h>
#include <stddef.h>
#include <stdint.h>
#include <stdio.h>
#include <stdlib.h>
#include <string.h>
#include <strings.h>
#include <sys/types.h>
#include <time.h>
#include <wchar.h>

int main(int argc, char** argv)
{
  (void)argv;
#ifndef strtoull
  return ((int*)(&strtoull))[argc];
#else
  (void)argc;
  return 0;
#endif
}
Determining if the tan exist passed with the following output:
Change Dir: /src/build-linux-arm64/CMakeFiles/CMakeTmp

Run Build Command(s):/usr/bin/gmake -f Makefile cmTC_fba11/fast && /usr/bin/gmake  -f CMakeFiles/cmTC_fba11.dir/build.make CMakeFiles/cmTC_fba11.dir/build
gmake[1]: Entering directory '/src/build-linux-arm64/CMakeFiles/CMakeTmp'
Building C object CMakeFiles/cmTC_fba11.dir/CheckSymbolExists.c.o
/usr/bin/cc   -D_GNU_SOURCE=1 -std=gnu11 -o CMakeFiles/cmTC_fba11.dir/CheckSymbolExists.c.o -c /src/build-linux-arm64/CMakeFiles/CMakeTmp/CheckSymbolExists.c
Linking C executable cmTC_fba11
/usr/bin/cmake -E cmake_link_script CMakeFiles/cmTC_fba11.dir/link.txt --verbose=1
/usr/bin/cc   -D_GNU_SOURCE=1 CMakeFiles/cmTC_fba11.dir/CheckSymbolExists.c.o -o cmTC_fba11  -lm 
gmake[1]: Leaving directory '/src/build-linux-arm64/CMakeFiles/CMakeTmp'


File /src/build-linux-arm64/CMakeFiles/CMakeTmp/CheckSymbolExists.c:
/* */
#include <float.h>
#include <iconv.h>
#include <inttypes.h>
#include <limits.h>
#include <malloc.h>
#include <math.h>
#include <memory.h>
#include <signal.h>
#include <stdarg.h>
#include <stdbool.h>
#include <stddef.h>
#include <stdint.h>
#include <stdio.h>
#include <stdlib.h>
#include <string.h>
#include <strings.h>
#include <sys/types.h>
#include <time.h>
#include <wchar.h>

int main(int argc, char** argv)
{
  (void)argv;
#ifndef tan
  return ((int*)(&tan))[argc];
#else
  (void)argc;
  return 0;
#endif
}
Determining if the tanf exist passed with the following output:
Change Dir: /src/build-linux-arm64/CMakeFiles/CMakeTmp

Run Build Command(s):/usr/bin/gmake -f Makefile cmTC_bc8f6/fast && /usr/bin/gmake  -f CMakeFiles/cmTC_bc8f6.dir/build.make CMakeFiles/cmTC_bc8f6.dir/build
gmake[1]: Entering directory '/src/build-linux-arm64/CMakeFiles/CMakeTmp'
Building C object CMakeFiles/cmTC_bc8f6.dir/CheckSymbolExists.c.o
/usr/bin/cc   -D_GNU_SOURCE=1 -std=gnu11 -o CMakeFiles/cmTC_bc8f6.dir/CheckSymbolExists.c.o -c /src/build-linux-arm64/CMakeFiles/CMakeTmp/CheckSymbolExists.c
Linking C executable cmTC_bc8f6
/usr/bin/cmake -E cmake_link_script CMakeFiles/cmTC_bc8f6.dir/link.txt --verbose=1
/usr/bin/cc   -D_GNU_SOURCE=1 CMakeFiles/cmTC_bc8f6.dir/CheckSymbolExists.c.o -o cmTC_bc8f6  -lm 
gmake[1]: Leaving directory '/src/build-linux-arm64/CMakeFiles/CMakeTmp'


File /src/build-linux-arm64/CMakeFiles/CMakeTmp/CheckSymbolExists.c:
/* */
#include <float.h>
#include <iconv.h>
#include <inttypes.h>
#include <limits.h>
#include <malloc.h>
#include <math.h>
#include <memory.h>
#include <signal.h>
#include <stdarg.h>
#include <stdbool.h>
#include <stddef.h>
#include <stdint.h>
#include <stdio.h>
#include <stdlib.h>
#include <string.h>
#include <strings.h>
#include <sys/types.h>
#include <time.h>
#include <wchar.h>

int main(int argc, char** argv)
{
  (void)argv;
#ifndef tanf
  return ((int*)(&tanf))[argc];
#else
  (void)argc;
  return 0;
#endif
}
Determining if the trunc exist passed with the following output:
Change Dir: /src/build-linux-arm64/CMakeFiles/CMakeTmp

Run Build Command(s):/usr/bin/gmake -f Makefile cmTC_24ba9/fast && /usr/bin/gmake  -f CMakeFiles/cmTC_24ba9.dir/build.make CMakeFiles/cmTC_24ba9.dir/build
gmake[1]: Entering directory '/src/build-linux-arm64/CMakeFiles/CMakeTmp'
Building C object CMakeFiles/cmTC_24ba9.dir/CheckSymbolExists.c.o
/usr/bin/cc   -D_GNU_SOURCE=1 -std=gnu11 -o CMakeFiles/cmTC_24ba9.dir/CheckSymbolExists.c.o -c /src/build-linux-arm64/CMakeFiles/CMakeTmp/CheckSymbolExists.c
Linking C executable cmTC_24ba9
/usr/bin/cmake -E cmake_link_script CMakeFiles/cmTC_24ba9.dir/link.txt --verbose=1
/usr/bin/cc   -D_GNU_SOURCE=1 CMakeFiles/cmTC_24ba9.dir/CheckSymbolExists.c.o -o cmTC_24ba9  -lm 
gmake[1]: Leaving directory '/src/build-linux-arm64/CMakeFiles/CMakeTmp'


File /src/build-linux-arm64/CMakeFiles/CMakeTmp/CheckSymbolExists.c:
/* */
#include <float.h>
#include <iconv.h>
#include <inttypes.h>
#include <limits.h>
#include <malloc.h>
#include <math.h>
#include <memory.h>
#include <signal.h>
#include <stdarg.h>
#include <stdbool.h>
#include <stddef.h>
#include <stdint.h>
#include <stdio.h>
#include <stdlib.h>
#include <string.h>
#include <strings.h>
#include <sys/types.h>
#include <time.h>
#include <wchar.h>

int main(int argc, char** argv)
{
  (void)argv;
#ifndef trunc
  return ((int*)(&trunc))[argc];
#else
  (void)argc;
  return 0;
#endif
}
Determining if the truncf exist passed with the following output:
Change Dir: /src/build-linux-arm64/CMakeFiles/CMakeTmp

Run Build Command(s):/usr/bin/gmake -f Makefile cmTC_c58f8/fast && /usr/bin/gmake  -f CMakeFiles/cmTC_c58f8.dir/build.make CMakeFiles/cmTC_c58f8.dir/build
gmake[1]: Entering directory '/src/build-linux-arm64/CMakeFiles/CMakeTmp'
Building C object CMakeFiles/cmTC_c58f8.dir/CheckSymbolExists.c.o
/usr/bin/cc   -D_GNU_SOURCE=1 -std=gnu11 -o CMakeFiles/cmTC_c58f8.dir/CheckSymbolExists.c.o -c /src/build-linux-arm64/CMakeFiles/CMakeTmp/CheckSymbolExists.c
Linking C executable cmTC_c58f8
/usr/bin/cmake -E cmake_link_script CMakeFiles/cmTC_c58f8.dir/link.txt --verbose=1
/usr/bin/cc   -D_GNU_SOURCE=1 CMakeFiles/cmTC_c58f8.dir/CheckSymbolExists.c.o -o cmTC_c58f8  -lm 
gmake[1]: Leaving directory '/src/build-linux-arm64/CMakeFiles/CMakeTmp'


File /src/build-linux-arm64/CMakeFiles/CMakeTmp/CheckSymbolExists.c:
/* */
#include <float.h>
#include <iconv.h>
#include <inttypes.h>
#include <limits.h>
#include <malloc.h>
#include <math.h>
#include <memory.h>
#include <signal.h>
#include <stdarg.h>
#include <stdbool.h>
#include <stddef.h>
#include <stdint.h>
#include <stdio.h>
#include <stdlib.h>
#include <string.h>
#include <strings.h>
#include <sys/types.h>
#include <time.h>
#include <wchar.h>

int main(int argc, char** argv)
{
  (void)argv;
#ifndef truncf
  return ((int*)(&truncf))[argc];
#else
  (void)argc;
  return 0;
#endif
}
Determining if the unsetenv exist passed with the following output:
Change Dir: /src/build-linux-arm64/CMakeFiles/CMakeTmp

Run Build Command(s):/usr/bin/gmake -f Makefile cmTC_d90c9/fast && /usr/bin/gmake  -f CMakeFiles/cmTC_d90c9.dir/build.make CMakeFiles/cmTC_d90c9.dir/build
gmake[1]: Entering directory '/src/build-linux-arm64/CMakeFiles/CMakeTmp'
Building C object CMakeFiles/cmTC_d90c9.dir/CheckSymbolExists.c.o
/usr/bin/cc   -D_GNU_SOURCE=1 -std=gnu11 -o CMakeFiles/cmTC_d90c9.dir/CheckSymbolExists.c.o -c /src/build-linux-arm64/CMakeFiles/CMakeTmp/CheckSymbolExists.c
Linking C executable cmTC_d90c9
/usr/bin/cmake -E cmake_link_script CMakeFiles/cmTC_d90c9.dir/link.txt --verbose=1
/usr/bin/cc   -D_GNU_SOURCE=1 CMakeFiles/cmTC_d90c9.dir/CheckSymbolExists.c.o -o cmTC_d90c9  -lm 
gmake[1]: Leaving directory '/src/build-linux-arm64/CMakeFiles/CMakeTmp'


File /src/build-linux-arm64/CMakeFiles/CMakeTmp/CheckSymbolExists.c:
/* */
#include <float.h>
#include <iconv.h>
#include <inttypes.h>
#include <limits.h>
#include <malloc.h>
#include <math.h>
#include <memory.h>
#include <signal.h>
#include <stdarg.h>
#include <stdbool.h>
#include <stddef.h>
#include <stdint.h>
#include <stdio.h>
#include <stdlib.h>
#include <string.h>
#include <strings.h>
#include <sys/types.h>
#include <time.h>
#include <wchar.h>

int main(int argc, char** argv)
{
  (void)argv;
#ifndef unsetenv
  return ((int*)(&unsetenv))[argc];
#else
  (void)argc;
  return 0;
#endif
}
Determining if the vsnprintf exist passed with the following output:
Change Dir: /src/build-linux-arm64/CMakeFiles/CMakeTmp

Run Build Command(s):/usr/bin/gmake -f Makefile cmTC_efe01/fast && /usr/bin/gmake  -f CMakeFiles/cmTC_efe01.dir/build.make CMakeFiles/cmTC_efe01.dir/build
gmake[1]: Entering directory '/src/build-linux-arm64/CMakeFiles/CMakeTmp'
Building C object CMakeFiles/cmTC_efe01.dir/CheckSymbolExists.c.o
/usr/bin/cc   -D_GNU_SOURCE=1 -std=gnu11 -o CMakeFiles/cmTC_efe01.dir/CheckSymbolExists.c.o -c /src/build-linux-arm64/CMakeFiles/CMakeTmp/CheckSymbolExists.c
Linking C executable cmTC_efe01
/usr/bin/cmake -E cmake_link_script CMakeFiles/cmTC_efe01.dir/link.txt --verbose=1
/usr/bin/cc   -D_GNU_SOURCE=1 CMakeFiles/cmTC_efe01.dir/CheckSymbolExists.c.o -o cmTC_efe01  -lm 
gmake[1]: Leaving directory '/src/build-linux-arm64/CMakeFiles/CMakeTmp'


File /src/build-linux-arm64/CMakeFiles/CMakeTmp/CheckSymbolExists.c:
/* */
#include <float.h>
#include <iconv.h>
#include <inttypes.h>
#include <limits.h>
#include <malloc.h>
#include <math.h>
#include <memory.h>
#include <signal.h>
#include <stdarg.h>
#include <stdbool.h>
#include <stddef.h>
#include <stdint.h>
#include <stdio.h>
#include <stdlib.h>
#include <string.h>
#include <strings.h>
#include <sys/types.h>
#include <time.h>
#include <wchar.h>

int main(int argc, char** argv)
{
  (void)argv;
#ifndef vsnprintf
  return ((int*)(&vsnprintf))[argc];
#else
  (void)argc;
  return 0;
#endif
}
Determining if the vsscanf exist passed with the following output:
Change Dir: /src/build-linux-arm64/CMakeFiles/CMakeTmp

Run Build Command(s):/usr/bin/gmake -f Makefile cmTC_e0425/fast && /usr/bin/gmake  -f CMakeFiles/cmTC_e0425.dir/build.make CMakeFiles/cmTC_e0425.dir/build
gmake[1]: Entering directory '/src/build-linux-arm64/CMakeFiles/CMakeTmp'
Building C object CMakeFiles/cmTC_e0425.dir/CheckSymbolExists.c.o
/usr/bin/cc   -D_GNU_SOURCE=1 -std=gnu11 -o CMakeFiles/cmTC_e0425.dir/CheckSymbolExists.c.o -c /src/build-linux-arm64/CMakeFiles/CMakeTmp/CheckSymbolExists.c
Linking C executable cmTC_e0425
/usr/bin/cmake -E cmake_link_script CMakeFiles/cmTC_e0425.dir/link.txt --verbose=1
/usr/bin/cc   -D_GNU_SOURCE=1 CMakeFiles/cmTC_e0425.dir/CheckSymbolExists.c.o -o cmTC_e0425  -lm 
gmake[1]: Leaving directory '/src/build-linux-arm64/CMakeFiles/CMakeTmp'


File /src/build-linux-arm64/CMakeFiles/CMakeTmp/CheckSymbolExists.c:
/* */
#include <float.h>
#include <iconv.h>
#include <inttypes.h>
#include <limits.h>
#include <malloc.h>
#include <math.h>
#include <memory.h>
#include <signal.h>
#include <stdarg.h>
#include <stdbool.h>
#include <stddef.h>
#include <stdint.h>
#include <stdio.h>
#include <stdlib.h>
#include <string.h>
#include <strings.h>
#include <sys/types.h>
#include <time.h>
#include <wchar.h>

int main(int argc, char** argv)
{
  (void)argv;
#ifndef vsscanf
  return ((int*)(&vsscanf))[argc];
#else
  (void)argc;
  return 0;
#endif
}
Determining if the wcsnlen exist passed with the following output:
Change Dir: /src/build-linux-arm64/CMakeFiles/CMakeTmp

Run Build Command(s):/usr/bin/gmake -f Makefile cmTC_13ca7/fast && /usr/bin/gmake  -f CMakeFiles/cmTC_13ca7.dir/build.make CMakeFiles/cmTC_13ca7.dir/build
gmake[1]: Entering directory '/src/build-linux-arm64/CMakeFiles/CMakeTmp'
Building C object CMakeFiles/cmTC_13ca7.dir/CheckSymbolExists.c.o
/usr/bin/cc   -D_GNU_SOURCE=1 -std=gnu11 -o CMakeFiles/cmTC_13ca7.dir/CheckSymbolExists.c.o -c /src/build-linux-arm64/CMakeFiles/CMakeTmp/CheckSymbolExists.c
Linking C executable cmTC_13ca7
/usr/bin/cmake -E cmake_link_script CMakeFiles/cmTC_13ca7.dir/link.txt --verbose=1
/usr/bin/cc   -D_GNU_SOURCE=1 CMakeFiles/cmTC_13ca7.dir/CheckSymbolExists.c.o -o cmTC_13ca7  -lm 
gmake[1]: Leaving directory '/src/build-linux-arm64/CMakeFiles/CMakeTmp'


File /src/build-linux-arm64/CMakeFiles/CMakeTmp/CheckSymbolExists.c:
/* */
#include <float.h>
#include <iconv.h>
#include <inttypes.h>
#include <limits.h>
#include <malloc.h>
#include <math.h>
#include <memory.h>
#include <signal.h>
#include <stdarg.h>
#include <stdbool.h>
#include <stddef.h>
#include <stdint.h>
#include <stdio.h>
#include <stdlib.h>
#include <string.h>
#include <strings.h>
#include <sys/types.h>
#include <time.h>
#include <wchar.h>

int main(int argc, char** argv)
{
  (void)argv;
#ifndef wcsnlen
  return ((int*)(&wcsnlen))[argc];
#else
  (void)argc;
  return 0;
#endif
}
Determining if the wcscmp exist passed with the following output:
Change Dir: /src/build-linux-arm64/CMakeFiles/CMakeTmp

Run Build Command(s):/usr/bin/gmake -f Makefile cmTC_42625/fast && /usr/bin/gmake  -f CMakeFiles/cmTC_42625.dir/build.make CMakeFiles/cmTC_42625.dir/build
gmake[1]: Entering directory '/src/build-linux-arm64/CMakeFiles/CMakeTmp'
Building C object CMakeFiles/cmTC_42625.dir/CheckSymbolExists.c.o
/usr/bin/cc   -D_GNU_SOURCE=1 -std=gnu11 -o CMakeFiles/cmTC_42625.dir/CheckSymbolExists.c.o -c /src/build-linux-arm64/CMakeFiles/CMakeTmp/CheckSymbolExists.c
Linking C executable cmTC_42625
/usr/bin/cmake -E cmake_link_script CMakeFiles/cmTC_42625.dir/link.txt --verbose=1
/usr/bin/cc   -D_GNU_SOURCE=1 CMakeFiles/cmTC_42625.dir/CheckSymbolExists.c.o -o cmTC_42625  -lm 
gmake[1]: Leaving directory '/src/build-linux-arm64/CMakeFiles/CMakeTmp'


File /src/build-linux-arm64/CMakeFiles/CMakeTmp/CheckSymbolExists.c:
/* */
#include <float.h>
#include <iconv.h>
#include <inttypes.h>
#include <limits.h>
#include <malloc.h>
#include <math.h>
#include <memory.h>
#include <signal.h>
#include <stdarg.h>
#include <stdbool.h>
#include <stddef.h>
#include <stdint.h>
#include <stdio.h>
#include <stdlib.h>
#include <string.h>
#include <strings.h>
#include <sys/types.h>
#include <time.h>
#include <wchar.h>

int main(int argc, char** argv)
{
  (void)argv;
#ifndef wcscmp
  return ((int*)(&wcscmp))[argc];
#else
  (void)argc;
  return 0;
#endif
}
Determining if the wcsdup exist passed with the following output:
Change Dir: /src/build-linux-arm64/CMakeFiles/CMakeTmp

Run Build Command(s):/usr/bin/gmake -f Makefile cmTC_b02de/fast && /usr/bin/gmake  -f CMakeFiles/cmTC_b02de.dir/build.make CMakeFiles/cmTC_b02de.dir/build
gmake[1]: Entering directory '/src/build-linux-arm64/CMakeFiles/CMakeTmp'
Building C object CMakeFiles/cmTC_b02de.dir/CheckSymbolExists.c.o
/usr/bin/cc   -D_GNU_SOURCE=1 -std=gnu11 -o CMakeFiles/cmTC_b02de.dir/CheckSymbolExists.c.o -c /src/build-linux-arm64/CMakeFiles/CMakeTmp/CheckSymbolExists.c
Linking C executable cmTC_b02de
/usr/bin/cmake -E cmake_link_script CMakeFiles/cmTC_b02de.dir/link.txt --verbose=1
/usr/bin/cc   -D_GNU_SOURCE=1 CMakeFiles/cmTC_b02de.dir/CheckSymbolExists.c.o -o cmTC_b02de  -lm 
gmake[1]: Leaving directory '/src/build-linux-arm64/CMakeFiles/CMakeTmp'


File /src/build-linux-arm64/CMakeFiles/CMakeTmp/CheckSymbolExists.c:
/* */
#include <float.h>
#include <iconv.h>
#include <inttypes.h>
#include <limits.h>
#include <malloc.h>
#include <math.h>
#include <memory.h>
#include <signal.h>
#include <stdarg.h>
#include <stdbool.h>
#include <stddef.h>
#include <stdint.h>
#include <stdio.h>
#include <stdlib.h>
#include <string.h>
#include <strings.h>
#include <sys/types.h>
#include <time.h>
#include <wchar.h>

int main(int argc, char** argv)
{
  (void)argv;
#ifndef wcsdup
  return ((int*)(&wcsdup))[argc];
#else
  (void)argc;
  return 0;
#endif
}
Determining if the wcslen exist passed with the following output:
Change Dir: /src/build-linux-arm64/CMakeFiles/CMakeTmp

Run Build Command(s):/usr/bin/gmake -f Makefile cmTC_3fe5a/fast && /usr/bin/gmake  -f CMakeFiles/cmTC_3fe5a.dir/build.make CMakeFiles/cmTC_3fe5a.dir/build
gmake[1]: Entering directory '/src/build-linux-arm64/CMakeFiles/CMakeTmp'
Building C object CMakeFiles/cmTC_3fe5a.dir/CheckSymbolExists.c.o
/usr/bin/cc   -D_GNU_SOURCE=1 -std=gnu11 -o CMakeFiles/cmTC_3fe5a.dir/CheckSymbolExists.c.o -c /src/build-linux-arm64/CMakeFiles/CMakeTmp/CheckSymbolExists.c
Linking C executable cmTC_3fe5a
/usr/bin/cmake -E cmake_link_script CMakeFiles/cmTC_3fe5a.dir/link.txt --verbose=1
/usr/bin/cc   -D_GNU_SOURCE=1 CMakeFiles/cmTC_3fe5a.dir/CheckSymbolExists.c.o -o cmTC_3fe5a  -lm 
gmake[1]: Leaving directory '/src/build-linux-arm64/CMakeFiles/CMakeTmp'


File /src/build-linux-arm64/CMakeFiles/CMakeTmp/CheckSymbolExists.c:
/* */
#include <float.h>
#include <iconv.h>
#include <inttypes.h>
#include <limits.h>
#include <malloc.h>
#include <math.h>
#include <memory.h>
#include <signal.h>
#include <stdarg.h>
#include <stdbool.h>
#include <stddef.h>
#include <stdint.h>
#include <stdio.h>
#include <stdlib.h>
#include <string.h>
#include <strings.h>
#include <sys/types.h>
#include <time.h>
#include <wchar.h>

int main(int argc, char** argv)
{
  (void)argv;
#ifndef wcslen
  return ((int*)(&wcslen))[argc];
#else
  (void)argc;
  return 0;
#endif
}
Determining if the wcsncmp exist passed with the following output:
Change Dir: /src/build-linux-arm64/CMakeFiles/CMakeTmp

Run Build Command(s):/usr/bin/gmake -f Makefile cmTC_a814e/fast && /usr/bin/gmake  -f CMakeFiles/cmTC_a814e.dir/build.make CMakeFiles/cmTC_a814e.dir/build
gmake[1]: Entering directory '/src/build-linux-arm64/CMakeFiles/CMakeTmp'
Building C object CMakeFiles/cmTC_a814e.dir/CheckSymbolExists.c.o
/usr/bin/cc   -D_GNU_SOURCE=1 -std=gnu11 -o CMakeFiles/cmTC_a814e.dir/CheckSymbolExists.c.o -c /src/build-linux-arm64/CMakeFiles/CMakeTmp/CheckSymbolExists.c
Linking C executable cmTC_a814e
/usr/bin/cmake -E cmake_link_script CMakeFiles/cmTC_a814e.dir/link.txt --verbose=1
/usr/bin/cc   -D_GNU_SOURCE=1 CMakeFiles/cmTC_a814e.dir/CheckSymbolExists.c.o -o cmTC_a814e  -lm 
gmake[1]: Leaving directory '/src/build-linux-arm64/CMakeFiles/CMakeTmp'


File /src/build-linux-arm64/CMakeFiles/CMakeTmp/CheckSymbolExists.c:
/* */
#include <float.h>
#include <iconv.h>
#include <inttypes.h>
#include <limits.h>
#include <malloc.h>
#include <math.h>
#include <memory.h>
#include <signal.h>
#include <stdarg.h>
#include <stdbool.h>
#include <stddef.h>
#include <stdint.h>
#include <stdio.h>
#include <stdlib.h>
#include <string.h>
#include <strings.h>
#include <sys/types.h>
#include <time.h>
#include <wchar.h>

int main(int argc, char** argv)
{
  (void)argv;
#ifndef wcsncmp
  return ((int*)(&wcsncmp))[argc];
#else
  (void)argc;
  return 0;
#endif
}
Determining if the wcsstr exist passed with the following output:
Change Dir: /src/build-linux-arm64/CMakeFiles/CMakeTmp

Run Build Command(s):/usr/bin/gmake -f Makefile cmTC_f7e57/fast && /usr/bin/gmake  -f CMakeFiles/cmTC_f7e57.dir/build.make CMakeFiles/cmTC_f7e57.dir/build
gmake[1]: Entering directory '/src/build-linux-arm64/CMakeFiles/CMakeTmp'
Building C object CMakeFiles/cmTC_f7e57.dir/CheckSymbolExists.c.o
/usr/bin/cc   -D_GNU_SOURCE=1 -std=gnu11 -o CMakeFiles/cmTC_f7e57.dir/CheckSymbolExists.c.o -c /src/build-linux-arm64/CMakeFiles/CMakeTmp/CheckSymbolExists.c
Linking C executable cmTC_f7e57
/usr/bin/cmake -E cmake_link_script CMakeFiles/cmTC_f7e57.dir/link.txt --verbose=1
/usr/bin/cc   -D_GNU_SOURCE=1 CMakeFiles/cmTC_f7e57.dir/CheckSymbolExists.c.o -o cmTC_f7e57  -lm 
gmake[1]: Leaving directory '/src/build-linux-arm64/CMakeFiles/CMakeTmp'


File /src/build-linux-arm64/CMakeFiles/CMakeTmp/CheckSymbolExists.c:
/* */
#include <float.h>
#include <iconv.h>
#include <inttypes.h>
#include <limits.h>
#include <malloc.h>
#include <math.h>
#include <memory.h>
#include <signal.h>
#include <stdarg.h>
#include <stdbool.h>
#include <stddef.h>
#include <stdint.h>
#include <stdio.h>
#include <stdlib.h>
#include <string.h>
#include <strings.h>
#include <sys/types.h>
#include <time.h>
#include <wchar.h>

int main(int argc, char** argv)
{
  (void)argv;
#ifndef wcsstr
  return ((int*)(&wcsstr))[argc];
#else
  (void)argc;
  return 0;
#endif
}
Determining if the wcstol exist passed with the following output:
Change Dir: /src/build-linux-arm64/CMakeFiles/CMakeTmp

Run Build Command(s):/usr/bin/gmake -f Makefile cmTC_463a4/fast && /usr/bin/gmake  -f CMakeFiles/cmTC_463a4.dir/build.make CMakeFiles/cmTC_463a4.dir/build
gmake[1]: Entering directory '/src/build-linux-arm64/CMakeFiles/CMakeTmp'
Building C object CMakeFiles/cmTC_463a4.dir/CheckSymbolExists.c.o
/usr/bin/cc   -D_GNU_SOURCE=1 -std=gnu11 -o CMakeFiles/cmTC_463a4.dir/CheckSymbolExists.c.o -c /src/build-linux-arm64/CMakeFiles/CMakeTmp/CheckSymbolExists.c
Linking C executable cmTC_463a4
/usr/bin/cmake -E cmake_link_script CMakeFiles/cmTC_463a4.dir/link.txt --verbose=1
/usr/bin/cc   -D_GNU_SOURCE=1 CMakeFiles/cmTC_463a4.dir/CheckSymbolExists.c.o -o cmTC_463a4  -lm 
gmake[1]: Leaving directory '/src/build-linux-arm64/CMakeFiles/CMakeTmp'


File /src/build-linux-arm64/CMakeFiles/CMakeTmp/CheckSymbolExists.c:
/* */
#include <float.h>
#include <iconv.h>
#include <inttypes.h>
#include <limits.h>
#include <malloc.h>
#include <math.h>
#include <memory.h>
#include <signal.h>
#include <stdarg.h>
#include <stdbool.h>
#include <stddef.h>
#include <stdint.h>
#include <stdio.h>
#include <stdlib.h>
#include <string.h>
#include <strings.h>
#include <sys/types.h>
#include <time.h>
#include <wchar.h>

int main(int argc, char** argv)
{
  (void)argv;
#ifndef wcstol
  return ((int*)(&wcstol))[argc];
#else
  (void)argc;
  return 0;
#endif
}
Determining if the strcasestr exist passed with the following output:
Change Dir: /src/build-linux-arm64/CMakeFiles/CMakeTmp

Run Build Command(s):/usr/bin/gmake -f Makefile cmTC_0c556/fast && /usr/bin/gmake  -f CMakeFiles/cmTC_0c556.dir/build.make CMakeFiles/cmTC_0c556.dir/build
gmake[1]: Entering directory '/src/build-linux-arm64/CMakeFiles/CMakeTmp'
Building C object CMakeFiles/cmTC_0c556.dir/CheckSymbolExists.c.o
/usr/bin/cc   -D_GNU_SOURCE=1 -std=gnu11 -o CMakeFiles/cmTC_0c556.dir/CheckSymbolExists.c.o -c /src/build-linux-arm64/CMakeFiles/CMakeTmp/CheckSymbolExists.c
Linking C executable cmTC_0c556
/usr/bin/cmake -E cmake_link_script CMakeFiles/cmTC_0c556.dir/link.txt --verbose=1
/usr/bin/cc   -D_GNU_SOURCE=1 CMakeFiles/cmTC_0c556.dir/CheckSymbolExists.c.o -o cmTC_0c556  -lm 
gmake[1]: Leaving directory '/src/build-linux-arm64/CMakeFiles/CMakeTmp'


File /src/build-linux-arm64/CMakeFiles/CMakeTmp/CheckSymbolExists.c:
/* */
#include <float.h>
#include <iconv.h>
#include <inttypes.h>
#include <limits.h>
#include <malloc.h>
#include <math.h>
#include <memory.h>
#include <signal.h>
#include <stdarg.h>
#include <stdbool.h>
#include <stddef.h>
#include <stdint.h>
#include <stdio.h>
#include <stdlib.h>
#include <string.h>
#include <strings.h>
#include <sys/types.h>
#include <time.h>
#include <wchar.h>

int main(int argc, char** argv)
{
  (void)argv;
#ifndef strcasestr
  return ((int*)(&strcasestr))[argc];
#else
  (void)argc;
  return 0;
#endif
}
Performing C SOURCE FILE Test LIBC_HAS_ISINF succeeded with the following output:
Change Dir: /src/build-linux-arm64/CMakeFiles/CMakeTmp

Run Build Command(s):/usr/bin/gmake -f Makefile cmTC_b94c7/fast && /usr/bin/gmake  -f CMakeFiles/cmTC_b94c7.dir/build.make CMakeFiles/cmTC_b94c7.dir/build
gmake[1]: Entering directory '/src/build-linux-arm64/CMakeFiles/CMakeTmp'
Building C object CMakeFiles/cmTC_b94c7.dir/src.c.o
/usr/bin/cc -DLIBC_HAS_ISINF  -D_GNU_SOURCE=1 -Wfloat-conversion -Werror -std=gnu11 -o CMakeFiles/cmTC_b94c7.dir/src.c.o -c /src/build-linux-arm64/CMakeFiles/CMakeTmp/src.c
Linking C executable cmTC_b94c7
/usr/bin/cmake -E cmake_link_script CMakeFiles/cmTC_b94c7.dir/link.txt --verbose=1
/usr/bin/cc   -D_GNU_SOURCE=1 -Wfloat-conversion -Werror CMakeFiles/cmTC_b94c7.dir/src.c.o -o cmTC_b94c7 
gmake[1]: Leaving directory '/src/build-linux-arm64/CMakeFiles/CMakeTmp'


Source file was:

        #include <math.h>
        int main() {
          double d = 3.14159;
          return isinf(d);
        }
      
Performing C SOURCE FILE Test LIBC_ISINF_HANDLES_FLOAT succeeded with the following output:
Change Dir: /src/build-linux-arm64/CMakeFiles/CMakeTmp

Run Build Command(s):/usr/bin/gmake -f Makefile cmTC_d950d/fast && /usr/bin/gmake  -f CMakeFiles/cmTC_d950d.dir/build.make CMakeFiles/cmTC_d950d.dir/build
gmake[1]: Entering directory '/src/build-linux-arm64/CMakeFiles/CMakeTmp'
Building C object CMakeFiles/cmTC_d950d.dir/src.c.o
/usr/bin/cc -DLIBC_ISINF_HANDLES_FLOAT  -D_GNU_SOURCE=1 -Wfloat-conversion -Werror -std=gnu11 -o CMakeFiles/cmTC_d950d.dir/src.c.o -c /src/build-linux-arm64/CMakeFiles/CMakeTmp/src.c
Linking C executable cmTC_d950d
/usr/bin/cmake -E cmake_link_script CMakeFiles/cmTC_d950d.dir/link.txt --verbose=1
/usr/bin/cc   -D_GNU_SOURCE=1 -Wfloat-conversion -Werror CMakeFiles/cmTC_d950d.dir/src.c.o -o cmTC_d950d 
gmake[1]: Leaving directory '/src/build-linux-arm64/CMakeFiles/CMakeTmp'


Source file was:

      #include <math.h>
      int main() {
        float f = 3.14159f;
        return isinf(f);
      }
    
Performing C SOURCE FILE Test LIBC_HAS_ISINFF succeeded with the following output:
Change Dir: /src/build-linux-arm64/CMakeFiles/CMakeTmp

Run Build Command(s):/usr/bin/gmake -f Makefile cmTC_2aa56/fast && /usr/bin/gmake  -f CMakeFiles/cmTC_2aa56.dir/build.make CMakeFiles/cmTC_2aa56.dir/build
gmake[1]: Entering directory '/src/build-linux-arm64/CMakeFiles/CMakeTmp'
Building C object CMakeFiles/cmTC_2aa56.dir/src.c.o
/usr/bin/cc -DLIBC_HAS_ISINFF  -D_GNU_SOURCE=1 -Wfloat-conversion -Werror -std=gnu11 -o CMakeFiles/cmTC_2aa56.dir/src.c.o -c /src/build-linux-arm64/CMakeFiles/CMakeTmp/src.c
Linking C executable cmTC_2aa56
/usr/bin/cmake -E cmake_link_script CMakeFiles/cmTC_2aa56.dir/link.txt --verbose=1
/usr/bin/cc   -D_GNU_SOURCE=1 -Wfloat-conversion -Werror CMakeFiles/cmTC_2aa56.dir/src.c.o -o cmTC_2aa56 
gmake[1]: Leaving directory '/src/build-linux-arm64/CMakeFiles/CMakeTmp'


Source file was:

      #include <math.h>
      int main() {
        float f = 3.14159f;
        return isinff(f);
      }
    
Performing C SOURCE FILE Test LIBC_HAS_ISNAN succeeded with the following output:
Change Dir: /src/build-linux-arm64/CMakeFiles/CMakeTmp

Run Build Command(s):/usr/bin/gmake -f Makefile cmTC_41b78/fast && /usr/bin/gmake  -f CMakeFiles/cmTC_41b78.dir/build.make CMakeFiles/cmTC_41b78.dir/build
gmake[1]: Entering directory '/src/build-linux-arm64/CMakeFiles/CMakeTmp'
Building C object CMakeFiles/cmTC_41b78.dir/src.c.o
/usr/bin/cc -DLIBC_HAS_ISNAN  -D_GNU_SOURCE=1 -Wfloat-conversion -Werror -std=gnu11 -o CMakeFiles/cmTC_41b78.dir/src.c.o -c /src/build-linux-arm64/CMakeFiles/CMakeTmp/src.c
Linking C executable cmTC_41b78
/usr/bin/cmake -E cmake_link_script CMakeFiles/cmTC_41b78.dir/link.txt --verbose=1
/usr/bin/cc   -D_GNU_SOURCE=1 -Wfloat-conversion -Werror CMakeFiles/cmTC_41b78.dir/src.c.o -o cmTC_41b78 
gmake[1]: Leaving directory '/src/build-linux-arm64/CMakeFiles/CMakeTmp'


Source file was:

        #include <math.h>
        int main() {
          double d = 3.14159;
          return isnan(d);
        }
      
Performing C SOURCE FILE Test LIBC_ISNAN_HANDLES_FLOAT succeeded with the following output:
Change Dir: /src/build-linux-arm64/CMakeFiles/CMakeTmp

Run Build Command(s):/usr/bin/gmake -f Makefile cmTC_03e3d/fast && /usr/bin/gmake  -f CMakeFiles/cmTC_03e3d.dir/build.make CMakeFiles/cmTC_03e3d.dir/build
gmake[1]: Entering directory '/src/build-linux-arm64/CMakeFiles/CMakeTmp'
Building C object CMakeFiles/cmTC_03e3d.dir/src.c.o
/usr/bin/cc -DLIBC_ISNAN_HANDLES_FLOAT  -D_GNU_SOURCE=1 -Wfloat-conversion -Werror -std=gnu11 -o CMakeFiles/cmTC_03e3d.dir/src.c.o -c /src/build-linux-arm64/CMakeFiles/CMakeTmp/src.c
Linking C executable cmTC_03e3d
/usr/bin/cmake -E cmake_link_script CMakeFiles/cmTC_03e3d.dir/link.txt --verbose=1
/usr/bin/cc   -D_GNU_SOURCE=1 -Wfloat-conversion -Werror CMakeFiles/cmTC_03e3d.dir/src.c.o -o cmTC_03e3d 
gmake[1]: Leaving directory '/src/build-linux-arm64/CMakeFiles/CMakeTmp'


Source file was:

      #include <math.h>
      int main() {
        float f = 3.14159f;
        return isnan(f);
      }
    
Performing C SOURCE FILE Test LIBC_HAS_ISNANF succeeded with the following output:
Change Dir: /src/build-linux-arm64/CMakeFiles/CMakeTmp

Run Build Command(s):/usr/bin/gmake -f Makefile cmTC_5bca0/fast && /usr/bin/gmake  -f CMakeFiles/cmTC_5bca0.dir/build.make CMakeFiles/cmTC_5bca0.dir/build
gmake[1]: Entering directory '/src/build-linux-arm64/CMakeFiles/CMakeTmp'
Building C object CMakeFiles/cmTC_5bca0.dir/src.c.o
/usr/bin/cc -DLIBC_HAS_ISNANF  -D_GNU_SOURCE=1 -Wfloat-conversion -Werror -std=gnu11 -o CMakeFiles/cmTC_5bca0.dir/src.c.o -c /src/build-linux-arm64/CMakeFiles/CMakeTmp/src.c
Linking C executable cmTC_5bca0
/usr/bin/cmake -E cmake_link_script CMakeFiles/cmTC_5bca0.dir/link.txt --verbose=1
/usr/bin/cc   -D_GNU_SOURCE=1 -Wfloat-conversion -Werror CMakeFiles/cmTC_5bca0.dir/src.c.o -o cmTC_5bca0 
gmake[1]: Leaving directory '/src/build-linux-arm64/CMakeFiles/CMakeTmp'


Source file was:

      #include <math.h>
      int main() {
        float f = 3.14159f;
        return isnanf(f);
      }
    
Determining if the fdatasync exist passed with the following output:
Change Dir: /src/build-linux-arm64/CMakeFiles/CMakeTmp

Run Build Command(s):/usr/bin/gmake -f Makefile cmTC_4a926/fast && /usr/bin/gmake  -f CMakeFiles/cmTC_4a926.dir/build.make CMakeFiles/cmTC_4a926.dir/build
gmake[1]: Entering directory '/src/build-linux-arm64/CMakeFiles/CMakeTmp'
Building C object CMakeFiles/cmTC_4a926.dir/CheckSymbolExists.c.o
/usr/bin/cc   -D_GNU_SOURCE=1 -std=gnu11 -o CMakeFiles/cmTC_4a926.dir/CheckSymbolExists.c.o -c /src/build-linux-arm64/CMakeFiles/CMakeTmp/CheckSymbolExists.c
Linking C executable cmTC_4a926
/usr/bin/cmake -E cmake_link_script CMakeFiles/cmTC_4a926.dir/link.txt --verbose=1
/usr/bin/cc   -D_GNU_SOURCE=1 CMakeFiles/cmTC_4a926.dir/CheckSymbolExists.c.o -o cmTC_4a926 
gmake[1]: Leaving directory '/src/build-linux-arm64/CMakeFiles/CMakeTmp'


File /src/build-linux-arm64/CMakeFiles/CMakeTmp/CheckSymbolExists.c:
/* */
#include <unistd.h>

int main(int argc, char** argv)
{
  (void)argv;
#ifndef fdatasync
  return ((int*)(&fdatasync))[argc];
#else
  (void)argc;
  return 0;
#endif
}
Determining if the gethostname exist passed with the following output:
Change Dir: /src/build-linux-arm64/CMakeFiles/CMakeTmp

Run Build Command(s):/usr/bin/gmake -f Makefile cmTC_41b85/fast && /usr/bin/gmake  -f CMakeFiles/cmTC_41b85.dir/build.make CMakeFiles/cmTC_41b85.dir/build
gmake[1]: Entering directory '/src/build-linux-arm64/CMakeFiles/CMakeTmp'
Building C object CMakeFiles/cmTC_41b85.dir/CheckSymbolExists.c.o
/usr/bin/cc   -D_GNU_SOURCE=1 -std=gnu11 -o CMakeFiles/cmTC_41b85.dir/CheckSymbolExists.c.o -c /src/build-linux-arm64/CMakeFiles/CMakeTmp/CheckSymbolExists.c
Linking C executable cmTC_41b85
/usr/bin/cmake -E cmake_link_script CMakeFiles/cmTC_41b85.dir/link.txt --verbose=1
/usr/bin/cc   -D_GNU_SOURCE=1 CMakeFiles/cmTC_41b85.dir/CheckSymbolExists.c.o -o cmTC_41b85 
gmake[1]: Leaving directory '/src/build-linux-arm64/CMakeFiles/CMakeTmp'


File /src/build-linux-arm64/CMakeFiles/CMakeTmp/CheckSymbolExists.c:
/* */
#include <unistd.h>

int main(int argc, char** argv)
{
  (void)argv;
#ifndef gethostname
  return ((int*)(&gethostname))[argc];
#else
  (void)argc;
  return 0;
#endif
}
Determining if the getpagesize exist passed with the following output:
Change Dir: /src/build-linux-arm64/CMakeFiles/CMakeTmp

Run Build Command(s):/usr/bin/gmake -f Makefile cmTC_548e6/fast && /usr/bin/gmake  -f CMakeFiles/cmTC_548e6.dir/build.make CMakeFiles/cmTC_548e6.dir/build
gmake[1]: Entering directory '/src/build-linux-arm64/CMakeFiles/CMakeTmp'
Building C object CMakeFiles/cmTC_548e6.dir/CheckSymbolExists.c.o
/usr/bin/cc   -D_GNU_SOURCE=1 -std=gnu11 -o CMakeFiles/cmTC_548e6.dir/CheckSymbolExists.c.o -c /src/build-linux-arm64/CMakeFiles/CMakeTmp/CheckSymbolExists.c
Linking C executable cmTC_548e6
/usr/bin/cmake -E cmake_link_script CMakeFiles/cmTC_548e6.dir/link.txt --verbose=1
/usr/bin/cc   -D_GNU_SOURCE=1 CMakeFiles/cmTC_548e6.dir/CheckSymbolExists.c.o -o cmTC_548e6 
gmake[1]: Leaving directory '/src/build-linux-arm64/CMakeFiles/CMakeTmp'


File /src/build-linux-arm64/CMakeFiles/CMakeTmp/CheckSymbolExists.c:
/* */
#include <unistd.h>

int main(int argc, char** argv)
{
  (void)argv;
#ifndef getpagesize
  return ((int*)(&getpagesize))[argc];
#else
  (void)argc;
  return 0;
#endif
}
Determining if the getresgid exist passed with the following output:
Change Dir: /src/build-linux-arm64/CMakeFiles/CMakeTmp

Run Build Command(s):/usr/bin/gmake -f Makefile cmTC_2616e/fast && /usr/bin/gmake  -f CMakeFiles/cmTC_2616e.dir/build.make CMakeFiles/cmTC_2616e.dir/build
gmake[1]: Entering directory '/src/build-linux-arm64/CMakeFiles/CMakeTmp'
Building C object CMakeFiles/cmTC_2616e.dir/CheckSymbolExists.c.o
/usr/bin/cc   -D_GNU_SOURCE=1 -std=gnu11 -o CMakeFiles/cmTC_2616e.dir/CheckSymbolExists.c.o -c /src/build-linux-arm64/CMakeFiles/CMakeTmp/CheckSymbolExists.c
Linking C executable cmTC_2616e
/usr/bin/cmake -E cmake_link_script CMakeFiles/cmTC_2616e.dir/link.txt --verbose=1
/usr/bin/cc   -D_GNU_SOURCE=1 CMakeFiles/cmTC_2616e.dir/CheckSymbolExists.c.o -o cmTC_2616e 
gmake[1]: Leaving directory '/src/build-linux-arm64/CMakeFiles/CMakeTmp'


File /src/build-linux-arm64/CMakeFiles/CMakeTmp/CheckSymbolExists.c:
/* */
#include <unistd.h>

int main(int argc, char** argv)
{
  (void)argv;
#ifndef getresgid
  return ((int*)(&getresgid))[argc];
#else
  (void)argc;
  return 0;
#endif
}
Determining if the getresuid exist passed with the following output:
Change Dir: /src/build-linux-arm64/CMakeFiles/CMakeTmp

Run Build Command(s):/usr/bin/gmake -f Makefile cmTC_ecbb7/fast && /usr/bin/gmake  -f CMakeFiles/cmTC_ecbb7.dir/build.make CMakeFiles/cmTC_ecbb7.dir/build
gmake[1]: Entering directory '/src/build-linux-arm64/CMakeFiles/CMakeTmp'
Building C object CMakeFiles/cmTC_ecbb7.dir/CheckSymbolExists.c.o
/usr/bin/cc   -D_GNU_SOURCE=1 -std=gnu11 -o CMakeFiles/cmTC_ecbb7.dir/CheckSymbolExists.c.o -c /src/build-linux-arm64/CMakeFiles/CMakeTmp/CheckSymbolExists.c
Linking C executable cmTC_ecbb7
/usr/bin/cmake -E cmake_link_script CMakeFiles/cmTC_ecbb7.dir/link.txt --verbose=1
/usr/bin/cc   -D_GNU_SOURCE=1 CMakeFiles/cmTC_ecbb7.dir/CheckSymbolExists.c.o -o cmTC_ecbb7 
gmake[1]: Leaving directory '/src/build-linux-arm64/CMakeFiles/CMakeTmp'


File /src/build-linux-arm64/CMakeFiles/CMakeTmp/CheckSymbolExists.c:
/* */
#include <unistd.h>

int main(int argc, char** argv)
{
  (void)argv;
#ifndef getresuid
  return ((int*)(&getresuid))[argc];
#else
  (void)argc;
  return 0;
#endif
}
Determining if the sigaction exist passed with the following output:
Change Dir: /src/build-linux-arm64/CMakeFiles/CMakeTmp

Run Build Command(s):/usr/bin/gmake -f Makefile cmTC_1c27d/fast && /usr/bin/gmake  -f CMakeFiles/cmTC_1c27d.dir/build.make CMakeFiles/cmTC_1c27d.dir/build
gmake[1]: Entering directory '/src/build-linux-arm64/CMakeFiles/CMakeTmp'
Building C object CMakeFiles/cmTC_1c27d.dir/CheckSymbolExists.c.o
/usr/bin/cc   -D_GNU_SOURCE=1 -std=gnu11 -o CMakeFiles/cmTC_1c27d.dir/CheckSymbolExists.c.o -c /src/build-linux-arm64/CMakeFiles/CMakeTmp/CheckSymbolExists.c
Linking C executable cmTC_1c27d
/usr/bin/cmake -E cmake_link_script CMakeFiles/cmTC_1c27d.dir/link.txt --verbose=1
/usr/bin/cc   -D_GNU_SOURCE=1 CMakeFiles/cmTC_1c27d.dir/CheckSymbolExists.c.o -o cmTC_1c27d 
gmake[1]: Leaving directory '/src/build-linux-arm64/CMakeFiles/CMakeTmp'


File /src/build-linux-arm64/CMakeFiles/CMakeTmp/CheckSymbolExists.c:
/* */
#include <signal.h>

int main(int argc, char** argv)
{
  (void)argv;
#ifndef sigaction
  return ((int*)(&sigaction))[argc];
#else
  (void)argc;
  return 0;
#endif
}
Determining if the sigtimedwait exist passed with the following output:
Change Dir: /src/build-linux-arm64/CMakeFiles/CMakeTmp

Run Build Command(s):/usr/bin/gmake -f Makefile cmTC_e67bc/fast && /usr/bin/gmake  -f CMakeFiles/cmTC_e67bc.dir/build.make CMakeFiles/cmTC_e67bc.dir/build
gmake[1]: Entering directory '/src/build-linux-arm64/CMakeFiles/CMakeTmp'
Building C object CMakeFiles/cmTC_e67bc.dir/CheckSymbolExists.c.o
/usr/bin/cc   -D_GNU_SOURCE=1 -std=gnu11 -o CMakeFiles/cmTC_e67bc.dir/CheckSymbolExists.c.o -c /src/build-linux-arm64/CMakeFiles/CMakeTmp/CheckSymbolExists.c
Linking C executable cmTC_e67bc
/usr/bin/cmake -E cmake_link_script CMakeFiles/cmTC_e67bc.dir/link.txt --verbose=1
/usr/bin/cc   -D_GNU_SOURCE=1 CMakeFiles/cmTC_e67bc.dir/CheckSymbolExists.c.o -o cmTC_e67bc 
gmake[1]: Leaving directory '/src/build-linux-arm64/CMakeFiles/CMakeTmp'


File /src/build-linux-arm64/CMakeFiles/CMakeTmp/CheckSymbolExists.c:
/* */
#include <signal.h>

int main(int argc, char** argv)
{
  (void)argv;
#ifndef sigtimedwait
  return ((int*)(&sigtimedwait))[argc];
#else
  (void)argc;
  return 0;
#endif
}
Determining if the setjmp exist passed with the following output:
Change Dir: /src/build-linux-arm64/CMakeFiles/CMakeTmp

Run Build Command(s):/usr/bin/gmake -f Makefile cmTC_1aeff/fast && /usr/bin/gmake  -f CMakeFiles/cmTC_1aeff.dir/build.make CMakeFiles/cmTC_1aeff.dir/build
gmake[1]: Entering directory '/src/build-linux-arm64/CMakeFiles/CMakeTmp'
Building C object CMakeFiles/cmTC_1aeff.dir/CheckSymbolExists.c.o
/usr/bin/cc   -D_GNU_SOURCE=1 -std=gnu11 -o CMakeFiles/cmTC_1aeff.dir/CheckSymbolExists.c.o -c /src/build-linux-arm64/CMakeFiles/CMakeTmp/CheckSymbolExists.c
Linking C executable cmTC_1aeff
/usr/bin/cmake -E cmake_link_script CMakeFiles/cmTC_1aeff.dir/link.txt --verbose=1
/usr/bin/cc   -D_GNU_SOURCE=1 CMakeFiles/cmTC_1aeff.dir/CheckSymbolExists.c.o -o cmTC_1aeff 
gmake[1]: Leaving directory '/src/build-linux-arm64/CMakeFiles/CMakeTmp'


File /src/build-linux-arm64/CMakeFiles/CMakeTmp/CheckSymbolExists.c:
/* */
#include <setjmp.h>

int main(int argc, char** argv)
{
  (void)argv;
#ifndef setjmp
  return ((int*)(&setjmp))[argc];
#else
  (void)argc;
  return 0;
#endif
}
Determining if the nanosleep exist passed with the following output:
Change Dir: /src/build-linux-arm64/CMakeFiles/CMakeTmp

Run Build Command(s):/usr/bin/gmake -f Makefile cmTC_a1867/fast && /usr/bin/gmake  -f CMakeFiles/cmTC_a1867.dir/build.make CMakeFiles/cmTC_a1867.dir/build
gmake[1]: Entering directory '/src/build-linux-arm64/CMakeFiles/CMakeTmp'
Building C object CMakeFiles/cmTC_a1867.dir/CheckSymbolExists.c.o
/usr/bin/cc   -D_GNU_SOURCE=1 -std=gnu11 -o CMakeFiles/cmTC_a1867.dir/CheckSymbolExists.c.o -c /src/build-linux-arm64/CMakeFiles/CMakeTmp/CheckSymbolExists.c
Linking C executable cmTC_a1867
/usr/bin/cmake -E cmake_link_script CMakeFiles/cmTC_a1867.dir/link.txt --verbose=1
/usr/bin/cc   -D_GNU_SOURCE=1 CMakeFiles/cmTC_a1867.dir/CheckSymbolExists.c.o -o cmTC_a1867 
gmake[1]: Leaving directory '/src/build-linux-arm64/CMakeFiles/CMakeTmp'


File /src/build-linux-arm64/CMakeFiles/CMakeTmp/CheckSymbolExists.c:
/* */
#include <time.h>

int main(int argc, char** argv)
{
  (void)argv;
#ifndef nanosleep
  return ((int*)(&nanosleep))[argc];
#else
  (void)argc;
  return 0;
#endif
}
Determining if the gmtime_r exist passed with the following output:
Change Dir: /src/build-linux-arm64/CMakeFiles/CMakeTmp

Run Build Command(s):/usr/bin/gmake -f Makefile cmTC_a5f07/fast && /usr/bin/gmake  -f CMakeFiles/cmTC_a5f07.dir/build.make CMakeFiles/cmTC_a5f07.dir/build
gmake[1]: Entering directory '/src/build-linux-arm64/CMakeFiles/CMakeTmp'
Building C object CMakeFiles/cmTC_a5f07.dir/CheckSymbolExists.c.o
/usr/bin/cc   -D_GNU_SOURCE=1 -std=gnu11 -o CMakeFiles/cmTC_a5f07.dir/CheckSymbolExists.c.o -c /src/build-linux-arm64/CMakeFiles/CMakeTmp/CheckSymbolExists.c
Linking C executable cmTC_a5f07
/usr/bin/cmake -E cmake_link_script CMakeFiles/cmTC_a5f07.dir/link.txt --verbose=1
/usr/bin/cc   -D_GNU_SOURCE=1 CMakeFiles/cmTC_a5f07.dir/CheckSymbolExists.c.o -o cmTC_a5f07 
gmake[1]: Leaving directory '/src/build-linux-arm64/CMakeFiles/CMakeTmp'


File /src/build-linux-arm64/CMakeFiles/CMakeTmp/CheckSymbolExists.c:
/* */
#include <time.h>

int main(int argc, char** argv)
{
  (void)argv;
#ifndef gmtime_r
  return ((int*)(&gmtime_r))[argc];
#else
  (void)argc;
  return 0;
#endif
}
Determining if the localtime_r exist passed with the following output:
Change Dir: /src/build-linux-arm64/CMakeFiles/CMakeTmp

Run Build Command(s):/usr/bin/gmake -f Makefile cmTC_b1d66/fast && /usr/bin/gmake  -f CMakeFiles/cmTC_b1d66.dir/build.make CMakeFiles/cmTC_b1d66.dir/build
gmake[1]: Entering directory '/src/build-linux-arm64/CMakeFiles/CMakeTmp'
Building C object CMakeFiles/cmTC_b1d66.dir/CheckSymbolExists.c.o
/usr/bin/cc   -D_GNU_SOURCE=1 -std=gnu11 -o CMakeFiles/cmTC_b1d66.dir/CheckSymbolExists.c.o -c /src/build-linux-arm64/CMakeFiles/CMakeTmp/CheckSymbolExists.c
Linking C executable cmTC_b1d66
/usr/bin/cmake -E cmake_link_script CMakeFiles/cmTC_b1d66.dir/link.txt --verbose=1
/usr/bin/cc   -D_GNU_SOURCE=1 CMakeFiles/cmTC_b1d66.dir/CheckSymbolExists.c.o -o cmTC_b1d66 
gmake[1]: Leaving directory '/src/build-linux-arm64/CMakeFiles/CMakeTmp'


File /src/build-linux-arm64/CMakeFiles/CMakeTmp/CheckSymbolExists.c:
/* */
#include <time.h>

int main(int argc, char** argv)
{
  (void)argv;
#ifndef localtime_r
  return ((int*)(&localtime_r))[argc];
#else
  (void)argc;
  return 0;
#endif
}
Determining if the nl_langinfo exist passed with the following output:
Change Dir: /src/build-linux-arm64/CMakeFiles/CMakeTmp

Run Build Command(s):/usr/bin/gmake -f Makefile cmTC_5b22f/fast && /usr/bin/gmake  -f CMakeFiles/cmTC_5b22f.dir/build.make CMakeFiles/cmTC_5b22f.dir/build
gmake[1]: Entering directory '/src/build-linux-arm64/CMakeFiles/CMakeTmp'
Building C object CMakeFiles/cmTC_5b22f.dir/CheckSymbolExists.c.o
/usr/bin/cc   -D_GNU_SOURCE=1 -std=gnu11 -o CMakeFiles/cmTC_5b22f.dir/CheckSymbolExists.c.o -c /src/build-linux-arm64/CMakeFiles/CMakeTmp/CheckSymbolExists.c
Linking C executable cmTC_5b22f
/usr/bin/cmake -E cmake_link_script CMakeFiles/cmTC_5b22f.dir/link.txt --verbose=1
/usr/bin/cc   -D_GNU_SOURCE=1 CMakeFiles/cmTC_5b22f.dir/CheckSymbolExists.c.o -o cmTC_5b22f 
gmake[1]: Leaving directory '/src/build-linux-arm64/CMakeFiles/CMakeTmp'


File /src/build-linux-arm64/CMakeFiles/CMakeTmp/CheckSymbolExists.c:
/* */
#include <langinfo.h>

int main(int argc, char** argv)
{
  (void)argv;
#ifndef nl_langinfo
  return ((int*)(&nl_langinfo))[argc];
#else
  (void)argc;
  return 0;
#endif
}
Determining if the sysconf exist passed with the following output:
Change Dir: /src/build-linux-arm64/CMakeFiles/CMakeTmp

Run Build Command(s):/usr/bin/gmake -f Makefile cmTC_b12ec/fast && /usr/bin/gmake  -f CMakeFiles/cmTC_b12ec.dir/build.make CMakeFiles/cmTC_b12ec.dir/build
gmake[1]: Entering directory '/src/build-linux-arm64/CMakeFiles/CMakeTmp'
Building C object CMakeFiles/cmTC_b12ec.dir/CheckSymbolExists.c.o
/usr/bin/cc   -D_GNU_SOURCE=1 -std=gnu11 -o CMakeFiles/cmTC_b12ec.dir/CheckSymbolExists.c.o -c /src/build-linux-arm64/CMakeFiles/CMakeTmp/CheckSymbolExists.c
Linking C executable cmTC_b12ec
/usr/bin/cmake -E cmake_link_script CMakeFiles/cmTC_b12ec.dir/link.txt --verbose=1
/usr/bin/cc   -D_GNU_SOURCE=1 CMakeFiles/cmTC_b12ec.dir/CheckSymbolExists.c.o -o cmTC_b12ec 
gmake[1]: Leaving directory '/src/build-linux-arm64/CMakeFiles/CMakeTmp'


File /src/build-linux-arm64/CMakeFiles/CMakeTmp/CheckSymbolExists.c:
/* */
#include <unistd.h>

int main(int argc, char** argv)
{
  (void)argv;
#ifndef sysconf
  return ((int*)(&sysconf))[argc];
#else
  (void)argc;
  return 0;
#endif
}
Determining if the getauxval exist passed with the following output:
Change Dir: /src/build-linux-arm64/CMakeFiles/CMakeTmp

Run Build Command(s):/usr/bin/gmake -f Makefile cmTC_7ed4b/fast && /usr/bin/gmake  -f CMakeFiles/cmTC_7ed4b.dir/build.make CMakeFiles/cmTC_7ed4b.dir/build
gmake[1]: Entering directory '/src/build-linux-arm64/CMakeFiles/CMakeTmp'
Building C object CMakeFiles/cmTC_7ed4b.dir/CheckSymbolExists.c.o
/usr/bin/cc   -D_GNU_SOURCE=1 -std=gnu11 -o CMakeFiles/cmTC_7ed4b.dir/CheckSymbolExists.c.o -c /src/build-linux-arm64/CMakeFiles/CMakeTmp/CheckSymbolExists.c
Linking C executable cmTC_7ed4b
/usr/bin/cmake -E cmake_link_script CMakeFiles/cmTC_7ed4b.dir/link.txt --verbose=1
/usr/bin/cc   -D_GNU_SOURCE=1 CMakeFiles/cmTC_7ed4b.dir/CheckSymbolExists.c.o -o cmTC_7ed4b 
gmake[1]: Leaving directory '/src/build-linux-arm64/CMakeFiles/CMakeTmp'


File /src/build-linux-arm64/CMakeFiles/CMakeTmp/CheckSymbolExists.c:
/* */
#include <sys/auxv.h>

int main(int argc, char** argv)
{
  (void)argv;
#ifndef getauxval
  return ((int*)(&getauxval))[argc];
#else
  (void)argc;
  return 0;
#endif
}
Determining if the ppoll exist passed with the following output:
Change Dir: /src/build-linux-arm64/CMakeFiles/CMakeTmp

Run Build Command(s):/usr/bin/gmake -f Makefile cmTC_e3bb4/fast && /usr/bin/gmake  -f CMakeFiles/cmTC_e3bb4.dir/build.make CMakeFiles/cmTC_e3bb4.dir/build
gmake[1]: Entering directory '/src/build-linux-arm64/CMakeFiles/CMakeTmp'
Building C object CMakeFiles/cmTC_e3bb4.dir/CheckSymbolExists.c.o
/usr/bin/cc   -D_GNU_SOURCE=1 -std=gnu11 -o CMakeFiles/cmTC_e3bb4.dir/CheckSymbolExists.c.o -c /src/build-linux-arm64/CMakeFiles/CMakeTmp/CheckSymbolExists.c
Linking C executable cmTC_e3bb4
/usr/bin/cmake -E cmake_link_script CMakeFiles/cmTC_e3bb4.dir/link.txt --verbose=1
/usr/bin/cc   -D_GNU_SOURCE=1 CMakeFiles/cmTC_e3bb4.dir/CheckSymbolExists.c.o -o cmTC_e3bb4 
gmake[1]: Leaving directory '/src/build-linux-arm64/CMakeFiles/CMakeTmp'


File /src/build-linux-arm64/CMakeFiles/CMakeTmp/CheckSymbolExists.c:
/* */
#include <poll.h>

int main(int argc, char** argv)
{
  (void)argv;
#ifndef ppoll
  return ((int*)(&ppoll))[argc];
#else
  (void)argc;
  return 0;
#endif
}
Determining if the memfd_create exist passed with the following output:
Change Dir: /src/build-linux-arm64/CMakeFiles/CMakeTmp

Run Build Command(s):/usr/bin/gmake -f Makefile cmTC_b8594/fast && /usr/bin/gmake  -f CMakeFiles/cmTC_b8594.dir/build.make CMakeFiles/cmTC_b8594.dir/build
gmake[1]: Entering directory '/src/build-linux-arm64/CMakeFiles/CMakeTmp'
Building C object CMakeFiles/cmTC_b8594.dir/CheckSymbolExists.c.o
/usr/bin/cc   -D_GNU_SOURCE=1 -std=gnu11 -o CMakeFiles/cmTC_b8594.dir/CheckSymbolExists.c.o -c /src/build-linux-arm64/CMakeFiles/CMakeTmp/CheckSymbolExists.c
Linking C executable cmTC_b8594
/usr/bin/cmake -E cmake_link_script CMakeFiles/cmTC_b8594.dir/link.txt --verbose=1
/usr/bin/cc   -D_GNU_SOURCE=1 CMakeFiles/cmTC_b8594.dir/CheckSymbolExists.c.o -o cmTC_b8594 
gmake[1]: Leaving directory '/src/build-linux-arm64/CMakeFiles/CMakeTmp'


File /src/build-linux-arm64/CMakeFiles/CMakeTmp/CheckSymbolExists.c:
/* */
#include <sys/mman.h>

int main(int argc, char** argv)
{
  (void)argv;
#ifndef memfd_create
  return ((int*)(&memfd_create))[argc];
#else
  (void)argc;
  return 0;
#endif
}
Determining if the posix_fallocate exist passed with the following output:
Change Dir: /src/build-linux-arm64/CMakeFiles/CMakeTmp

Run Build Command(s):/usr/bin/gmake -f Makefile cmTC_b3baf/fast && /usr/bin/gmake  -f CMakeFiles/cmTC_b3baf.dir/build.make CMakeFiles/cmTC_b3baf.dir/build
gmake[1]: Entering directory '/src/build-linux-arm64/CMakeFiles/CMakeTmp'
Building C object CMakeFiles/cmTC_b3baf.dir/CheckSymbolExists.c.o
/usr/bin/cc   -D_GNU_SOURCE=1 -std=gnu11 -o CMakeFiles/cmTC_b3baf.dir/CheckSymbolExists.c.o -c /src/build-linux-arm64/CMakeFiles/CMakeTmp/CheckSymbolExists.c
Linking C executable cmTC_b3baf
/usr/bin/cmake -E cmake_link_script CMakeFiles/cmTC_b3baf.dir/link.txt --verbose=1
/usr/bin/cc   -D_GNU_SOURCE=1 CMakeFiles/cmTC_b3baf.dir/CheckSymbolExists.c.o -o cmTC_b3baf 
gmake[1]: Leaving directory '/src/build-linux-arm64/CMakeFiles/CMakeTmp'


File /src/build-linux-arm64/CMakeFiles/CMakeTmp/CheckSymbolExists.c:
/* */
#include <fcntl.h>

int main(int argc, char** argv)
{
  (void)argv;
#ifndef posix_fallocate
  return ((int*)(&posix_fallocate))[argc];
#else
  (void)argc;
  return 0;
#endif
}
Determining if the posix_spawn_file_actions_addchdir_np exist passed with the following output:
Change Dir: /src/build-linux-arm64/CMakeFiles/CMakeTmp

Run Build Command(s):/usr/bin/gmake -f Makefile cmTC_42f24/fast && /usr/bin/gmake  -f CMakeFiles/cmTC_42f24.dir/build.make CMakeFiles/cmTC_42f24.dir/build
gmake[1]: Entering directory '/src/build-linux-arm64/CMakeFiles/CMakeTmp'
Building C object CMakeFiles/cmTC_42f24.dir/CheckSymbolExists.c.o
/usr/bin/cc   -D_GNU_SOURCE=1 -std=gnu11 -o CMakeFiles/cmTC_42f24.dir/CheckSymbolExists.c.o -c /src/build-linux-arm64/CMakeFiles/CMakeTmp/CheckSymbolExists.c
Linking C executable cmTC_42f24
/usr/bin/cmake -E cmake_link_script CMakeFiles/cmTC_42f24.dir/link.txt --verbose=1
/usr/bin/cc   -D_GNU_SOURCE=1 CMakeFiles/cmTC_42f24.dir/CheckSymbolExists.c.o -o cmTC_42f24 
gmake[1]: Leaving directory '/src/build-linux-arm64/CMakeFiles/CMakeTmp'


File /src/build-linux-arm64/CMakeFiles/CMakeTmp/CheckSymbolExists.c:
/* */
#include <spawn.h>

int main(int argc, char** argv)
{
  (void)argv;
#ifndef posix_spawn_file_actions_addchdir_np
  return ((int*)(&posix_spawn_file_actions_addchdir_np))[argc];
#else
  (void)argc;
  return 0;
#endif
}
Performing C SOURCE FILE Test ICONV_IN_LIBC succeeded with the following output:
Change Dir: /src/build-linux-arm64/CMakeFiles/CMakeTmp

Run Build Command(s):/usr/bin/gmake -f Makefile cmTC_33a9a/fast && /usr/bin/gmake  -f CMakeFiles/cmTC_33a9a.dir/build.make CMakeFiles/cmTC_33a9a.dir/build
gmake[1]: Entering directory '/src/build-linux-arm64/CMakeFiles/CMakeTmp'
Building C object CMakeFiles/cmTC_33a9a.dir/src.c.o
/usr/bin/cc -DICONV_IN_LIBC  -D_GNU_SOURCE=1 -std=gnu11 -o CMakeFiles/cmTC_33a9a.dir/src.c.o -c /src/build-linux-arm64/CMakeFiles/CMakeTmp/src.c
Linking C executable cmTC_33a9a
/usr/bin/cmake -E cmake_link_script CMakeFiles/cmTC_33a9a.dir/link.txt --verbose=1
/usr/bin/cc   -D_GNU_SOURCE=1 CMakeFiles/cmTC_33a9a.dir/src.c.o -o cmTC_33a9a 
gmake[1]: Leaving directory '/src/build-linux-arm64/CMakeFiles/CMakeTmp'


Source file was:

      #define LIBICONV_PLUG 1 /* in case libiconv header is in include path */
      #include <stddef.h>
      #include <iconv.h>
      int main(int argc, char **argv) {
          return !iconv_open(NULL,NULL);
      }
Performing C SOURCE FILE Test HAVE_SA_SIGACTION succeeded with the following output:
Change Dir: /src/build-linux-arm64/CMakeFiles/CMakeTmp

Run Build Command(s):/usr/bin/gmake -f Makefile cmTC_0051d/fast && /usr/bin/gmake  -f CMakeFiles/cmTC_0051d.dir/build.make CMakeFiles/cmTC_0051d.dir/build
gmake[1]: Entering directory '/src/build-linux-arm64/CMakeFiles/CMakeTmp'
Building C object CMakeFiles/cmTC_0051d.dir/src.c.o
/usr/bin/cc -DHAVE_SA_SIGACTION  -D_GNU_SOURCE=1 -std=gnu11 -o CMakeFiles/cmTC_0051d.dir/src.c.o -c /src/build-linux-arm64/CMakeFiles/CMakeTmp/src.c
Linking C executable cmTC_0051d
/usr/bin/cmake -E cmake_link_script CMakeFiles/cmTC_0051d.dir/link.txt --verbose=1
/usr/bin/cc   -D_GNU_SOURCE=1 CMakeFiles/cmTC_0051d.dir/src.c.o -o cmTC_0051d 
gmake[1]: Leaving directory '/src/build-linux-arm64/CMakeFiles/CMakeTmp'


Source file was:

#include <signal.h>

int main()
{
  (void)sizeof(((struct sigaction *)0)->sa_sigaction);
  return 0;
}

Performing C SOURCE FILE Test HAVE_ST_MTIM succeeded with the following output:
Change Dir: /src/build-linux-arm64/CMakeFiles/CMakeTmp

Run Build Command(s):/usr/bin/gmake -f Makefile cmTC_f03ba/fast && /usr/bin/gmake  -f CMakeFiles/cmTC_f03ba.dir/build.make CMakeFiles/cmTC_f03ba.dir/build
gmake[1]: Entering directory '/src/build-linux-arm64/CMakeFiles/CMakeTmp'
Building C object CMakeFiles/cmTC_f03ba.dir/src.c.o
/usr/bin/cc -DHAVE_ST_MTIM  -D_GNU_SOURCE=1 -std=gnu11 -o CMakeFiles/cmTC_f03ba.dir/src.c.o -c /src/build-linux-arm64/CMakeFiles/CMakeTmp/src.c
Linking C executable cmTC_f03ba
/usr/bin/cmake -E cmake_link_script CMakeFiles/cmTC_f03ba.dir/link.txt --verbose=1
/usr/bin/cc   -D_GNU_SOURCE=1 CMakeFiles/cmTC_f03ba.dir/src.c.o -o cmTC_f03ba 
gmake[1]: Leaving directory '/src/build-linux-arm64/CMakeFiles/CMakeTmp'


Source file was:

#include <sys/stat.h>

int main()
{
  (void)sizeof(((struct stat *)0)->st_mtim);
  return 0;
}

Determining if the dlopen exist passed with the following output:
Change Dir: /src/build-linux-arm64/CMakeFiles/CMakeTmp

Run Build Command(s):/usr/bin/gmake -f Makefile cmTC_c8e5f/fast && /usr/bin/gmake  -f CMakeFiles/cmTC_c8e5f.dir/build.make CMakeFiles/cmTC_c8e5f.dir/build
gmake[1]: Entering directory '/src/build-linux-arm64/CMakeFiles/CMakeTmp'
Building C object CMakeFiles/cmTC_c8e5f.dir/CheckSymbolExists.c.o
/usr/bin/cc   -D_GNU_SOURCE=1 -std=gnu11 -o CMakeFiles/cmTC_c8e5f.dir/CheckSymbolExists.c.o -c /src/build-linux-arm64/CMakeFiles/CMakeTmp/CheckSymbolExists.c
Linking C executable cmTC_c8e5f
/usr/bin/cmake -E cmake_link_script CMakeFiles/cmTC_c8e5f.dir/link.txt --verbose=1
/usr/bin/cc   -D_GNU_SOURCE=1 CMakeFiles/cmTC_c8e5f.dir/CheckSymbolExists.c.o -o cmTC_c8e5f 
gmake[1]: Leaving directory '/src/build-linux-arm64/CMakeFiles/CMakeTmp'


File /src/build-linux-arm64/CMakeFiles/CMakeTmp/CheckSymbolExists.c:
/* */
#include <dlfcn.h>

int main(int argc, char** argv)
{
  (void)argv;
#ifndef dlopen
  return ((int*)(&dlopen))[argc];
#else
  (void)argc;
  return 0;
#endif
}
Performing C SOURCE FILE Test HAVE_O_CLOEXEC succeeded with the following output:
Change Dir: /src/build-linux-arm64/CMakeFiles/CMakeTmp

Run Build Command(s):/usr/bin/gmake -f Makefile cmTC_5e457/fast && /usr/bin/gmake  -f CMakeFiles/cmTC_5e457.dir/build.make CMakeFiles/cmTC_5e457.dir/build
gmake[1]: Entering directory '/src/build-linux-arm64/CMakeFiles/CMakeTmp'
Building C object CMakeFiles/cmTC_5e457.dir/src.c.o
/usr/bin/cc -DHAVE_O_CLOEXEC  -D_GNU_SOURCE=1 -std=gnu11 -o CMakeFiles/cmTC_5e457.dir/src.c.o -c /src/build-linux-arm64/CMakeFiles/CMakeTmp/src.c
Linking C executable cmTC_5e457
/usr/bin/cmake -E cmake_link_script CMakeFiles/cmTC_5e457.dir/link.txt --verbose=1
/usr/bin/cc   -D_GNU_SOURCE=1 CMakeFiles/cmTC_5e457.dir/src.c.o -o cmTC_5e457 
gmake[1]: Leaving directory '/src/build-linux-arm64/CMakeFiles/CMakeTmp'


Source file was:

    #include <fcntl.h>
    int flag = O_CLOEXEC;
    int main(int argc, char **argv) { return 0; }
Performing C SOURCE FILE Test COMPILER_SUPPORTS_ELFNOTES succeeded with the following output:
Change Dir: /src/build-linux-arm64/CMakeFiles/CMakeTmp

Run Build Command(s):/usr/bin/gmake -f Makefile cmTC_dcda0/fast && /usr/bin/gmake  -f CMakeFiles/cmTC_dcda0.dir/build.make CMakeFiles/cmTC_dcda0.dir/build
gmake[1]: Entering directory '/src/build-linux-arm64/CMakeFiles/CMakeTmp'
Building C object CMakeFiles/cmTC_dcda0.dir/src.c.o
/usr/bin/cc -DCOMPILER_SUPPORTS_ELFNOTES  -D_GNU_SOURCE=1 -std=gnu11 -o CMakeFiles/cmTC_dcda0.dir/src.c.o -c /src/build-linux-arm64/CMakeFiles/CMakeTmp/src.c
Linking C executable cmTC_dcda0
/usr/bin/cmake -E cmake_link_script CMakeFiles/cmTC_dcda0.dir/link.txt --verbose=1
/usr/bin/cc   -D_GNU_SOURCE=1 CMakeFiles/cmTC_dcda0.dir/src.c.o -o cmTC_dcda0 
gmake[1]: Leaving directory '/src/build-linux-arm64/CMakeFiles/CMakeTmp'


Source file was:
    #ifndef __ELF__
      ELF DL notes is only supported on ELF platforms
    #endif
    __attribute__ ((used,aligned(4),section(".note.dlopen"))) static const struct {
      struct { int a; int b; int c; } hdr; char name[4]; __attribute__((aligned(4))) char json[24];
    } dlnote = { { 4, 0x407c0c0aU, 16 }, "FDO", "[\"a\":{\"a\":\"1\",\"b\":\"2\"}]" };
    int main(int argc, char *argv[]) {
      return argc + dlnote.hdr.a;
    }
    
Determining if the function XOpenDisplay exists in the /usr/lib/aarch64-linux-gnu/libX11.so;/usr/lib/aarch64-linux-gnu/libXext.so passed with the following output:
Change Dir: /src/build-linux-arm64/CMakeFiles/CMakeTmp

Run Build Command(s):/usr/bin/gmake -f Makefile cmTC_504ac/fast && /usr/bin/gmake  -f CMakeFiles/cmTC_504ac.dir/build.make CMakeFiles/cmTC_504ac.dir/build
gmake[1]: Entering directory '/src/build-linux-arm64/CMakeFiles/CMakeTmp'
Building C object CMakeFiles/cmTC_504ac.dir/CheckFunctionExists.c.o
/usr/bin/cc   -DCHECK_FUNCTION_EXISTS=XOpenDisplay  -D_GNU_SOURCE=1 -std=gnu11 -o CMakeFiles/cmTC_504ac.dir/CheckFunctionExists.c.o -c /usr/share/cmake-3.22/Modules/CheckFunctionExists.c
Linking C executable cmTC_504ac
/usr/bin/cmake -E cmake_link_script CMakeFiles/cmTC_504ac.dir/link.txt --verbose=1
/usr/bin/cc  -DCHECK_FUNCTION_EXISTS=XOpenDisplay  -D_GNU_SOURCE=1 CMakeFiles/cmTC_504ac.dir/CheckFunctionExists.c.o -o cmTC_504ac  /usr/lib/aarch64-linux-gnu/libX11.so /usr/lib/aarch64-linux-gnu/libXext.so 
gmake[1]: Leaving directory '/src/build-linux-arm64/CMakeFiles/CMakeTmp'



Determining if the function gethostbyname exists passed with the following output:
Change Dir: /src/build-linux-arm64/CMakeFiles/CMakeTmp

Run Build Command(s):/usr/bin/gmake -f Makefile cmTC_ae8bc/fast && /usr/bin/gmake  -f CMakeFiles/cmTC_ae8bc.dir/build.make CMakeFiles/cmTC_ae8bc.dir/build
gmake[1]: Entering directory '/src/build-linux-arm64/CMakeFiles/CMakeTmp'
Building C object CMakeFiles/cmTC_ae8bc.dir/CheckFunctionExists.c.o
/usr/bin/cc   -DCHECK_FUNCTION_EXISTS=gethostbyname  -D_GNU_SOURCE=1 -std=gnu11 -o CMakeFiles/cmTC_ae8bc.dir/CheckFunctionExists.c.o -c /usr/share/cmake-3.22/Modules/CheckFunctionExists.c
Linking C executable cmTC_ae8bc
/usr/bin/cmake -E cmake_link_script CMakeFiles/cmTC_ae8bc.dir/link.txt --verbose=1
/usr/bin/cc  -DCHECK_FUNCTION_EXISTS=gethostbyname  -D_GNU_SOURCE=1 CMakeFiles/cmTC_ae8bc.dir/CheckFunctionExists.c.o -o cmTC_ae8bc 
gmake[1]: Leaving directory '/src/build-linux-arm64/CMakeFiles/CMakeTmp'



Determining if the function connect exists passed with the following output:
Change Dir: /src/build-linux-arm64/CMakeFiles/CMakeTmp

Run Build Command(s):/usr/bin/gmake -f Makefile cmTC_5622c/fast && /usr/bin/gmake  -f CMakeFiles/cmTC_5622c.dir/build.make CMakeFiles/cmTC_5622c.dir/build
gmake[1]: Entering directory '/src/build-linux-arm64/CMakeFiles/CMakeTmp'
Building C object CMakeFiles/cmTC_5622c.dir/CheckFunctionExists.c.o
/usr/bin/cc   -DCHECK_FUNCTION_EXISTS=connect  -D_GNU_SOURCE=1 -std=gnu11 -o CMakeFiles/cmTC_5622c.dir/CheckFunctionExists.c.o -c /usr/share/cmake-3.22/Modules/CheckFunctionExists.c
Linking C executable cmTC_5622c
/usr/bin/cmake -E cmake_link_script CMakeFiles/cmTC_5622c.dir/link.txt --verbose=1
/usr/bin/cc  -DCHECK_FUNCTION_EXISTS=connect  -D_GNU_SOURCE=1 CMakeFiles/cmTC_5622c.dir/CheckFunctionExists.c.o -o cmTC_5622c 
gmake[1]: Leaving directory '/src/build-linux-arm64/CMakeFiles/CMakeTmp'



Determining if the function remove exists passed with the following output:
Change Dir: /src/build-linux-arm64/CMakeFiles/CMakeTmp

Run Build Command(s):/usr/bin/gmake -f Makefile cmTC_28ac7/fast && /usr/bin/gmake  -f CMakeFiles/cmTC_28ac7.dir/build.make CMakeFiles/cmTC_28ac7.dir/build
gmake[1]: Entering directory '/src/build-linux-arm64/CMakeFiles/CMakeTmp'
Building C object CMakeFiles/cmTC_28ac7.dir/CheckFunctionExists.c.o
/usr/bin/cc   -DCHECK_FUNCTION_EXISTS=remove  -D_GNU_SOURCE=1 -std=gnu11 -o CMakeFiles/cmTC_28ac7.dir/CheckFunctionExists.c.o -c /usr/share/cmake-3.22/Modules/CheckFunctionExists.c
Linking C executable cmTC_28ac7
/usr/bin/cmake -E cmake_link_script CMakeFiles/cmTC_28ac7.dir/link.txt --verbose=1
/usr/bin/cc  -DCHECK_FUNCTION_EXISTS=remove  -D_GNU_SOURCE=1 CMakeFiles/cmTC_28ac7.dir/CheckFunctionExists.c.o -o cmTC_28ac7 
gmake[1]: Leaving directory '/src/build-linux-arm64/CMakeFiles/CMakeTmp'



Determining if the function shmat exists passed with the following output:
Change Dir: /src/build-linux-arm64/CMakeFiles/CMakeTmp

Run Build Command(s):/usr/bin/gmake -f Makefile cmTC_f6ede/fast && /usr/bin/gmake  -f CMakeFiles/cmTC_f6ede.dir/build.make CMakeFiles/cmTC_f6ede.dir/build
gmake[1]: Entering directory '/src/build-linux-arm64/CMakeFiles/CMakeTmp'
Building C object CMakeFiles/cmTC_f6ede.dir/CheckFunctionExists.c.o
/usr/bin/cc   -DCHECK_FUNCTION_EXISTS=shmat  -D_GNU_SOURCE=1 -std=gnu11 -o CMakeFiles/cmTC_f6ede.dir/CheckFunctionExists.c.o -c /usr/share/cmake-3.22/Modules/CheckFunctionExists.c
Linking C executable cmTC_f6ede
/usr/bin/cmake -E cmake_link_script CMakeFiles/cmTC_f6ede.dir/link.txt --verbose=1
/usr/bin/cc  -DCHECK_FUNCTION_EXISTS=shmat  -D_GNU_SOURCE=1 CMakeFiles/cmTC_f6ede.dir/CheckFunctionExists.c.o -o cmTC_f6ede 
gmake[1]: Leaving directory '/src/build-linux-arm64/CMakeFiles/CMakeTmp'



Determining if the shmat exist passed with the following output:
Change Dir: /src/build-linux-arm64/CMakeFiles/CMakeTmp

Run Build Command(s):/usr/bin/gmake -f Makefile cmTC_90fec/fast && /usr/bin/gmake  -f CMakeFiles/cmTC_90fec.dir/build.make CMakeFiles/cmTC_90fec.dir/build
gmake[1]: Entering directory '/src/build-linux-arm64/CMakeFiles/CMakeTmp'
Building C object CMakeFiles/cmTC_90fec.dir/CheckSymbolExists.c.o
/usr/bin/cc   -D_GNU_SOURCE=1 -std=gnu11 -o CMakeFiles/cmTC_90fec.dir/CheckSymbolExists.c.o -c /src/build-linux-arm64/CMakeFiles/CMakeTmp/CheckSymbolExists.c
Linking C executable cmTC_90fec
/usr/bin/cmake -E cmake_link_script CMakeFiles/cmTC_90fec.dir/link.txt --verbose=1
/usr/bin/cc   -D_GNU_SOURCE=1 CMakeFiles/cmTC_90fec.dir/CheckSymbolExists.c.o -o cmTC_90fec 
gmake[1]: Leaving directory '/src/build-linux-arm64/CMakeFiles/CMakeTmp'


File /src/build-linux-arm64/CMakeFiles/CMakeTmp/CheckSymbolExists.c:
/* */
#include <sys/shm.h>

int main(int argc, char** argv)
{
  (void)argv;
#ifndef shmat
  return ((int*)(&shmat))[argc];
#else
  (void)argc;
  return 0;
#endif
}
Performing C SOURCE FILE Test HAVE_XGENERICEVENT succeeded with the following output:
Change Dir: /src/build-linux-arm64/CMakeFiles/CMakeTmp

Run Build Command(s):/usr/bin/gmake -f Makefile cmTC_a1a65/fast && /usr/bin/gmake  -f CMakeFiles/cmTC_a1a65.dir/build.make CMakeFiles/cmTC_a1a65.dir/build
gmake[1]: Entering directory '/src/build-linux-arm64/CMakeFiles/CMakeTmp'
Building C object CMakeFiles/cmTC_a1a65.dir/src.c.o
/usr/bin/cc -DHAVE_XGENERICEVENT  -D_GNU_SOURCE=1 -std=gnu11 -o CMakeFiles/cmTC_a1a65.dir/src.c.o -c /src/build-linux-arm64/CMakeFiles/CMakeTmp/src.c
Linking C static library libcmTC_a1a65.a
/usr/bin/cmake -P CMakeFiles/cmTC_a1a65.dir/cmake_clean_target.cmake
/usr/bin/cmake -E cmake_link_script CMakeFiles/cmTC_a1a65.dir/link.txt --verbose=1
/usr/bin/ar qc libcmTC_a1a65.a CMakeFiles/cmTC_a1a65.dir/src.c.o
/usr/bin/ranlib libcmTC_a1a65.a
gmake[1]: Leaving directory '/src/build-linux-arm64/CMakeFiles/CMakeTmp'


Source file was:

          #include <X11/Xlib.h>
          int main(int argc, char **argv) {
            Display *display;
            XEvent event;
            XGenericEventCookie *cookie = &event.xcookie;
            XNextEvent(display, &event);
            XGetEventData(display, cookie);
            XFreeEventData(display, cookie);
            return 0; }
Determining if the include file X11/XKBlib.h exists passed with the following output:
Change Dir: /src/build-linux-arm64/CMakeFiles/CMakeTmp

Run Build Command(s):/usr/bin/gmake -f Makefile cmTC_7e918/fast && /usr/bin/gmake  -f CMakeFiles/cmTC_7e918.dir/build.make CMakeFiles/cmTC_7e918.dir/build
gmake[1]: Entering directory '/src/build-linux-arm64/CMakeFiles/CMakeTmp'
Building C object CMakeFiles/cmTC_7e918.dir/CheckIncludeFile.c.o
/usr/bin/cc   -D_GNU_SOURCE=1 -std=gnu11 -o CMakeFiles/cmTC_7e918.dir/CheckIncludeFile.c.o -c /src/build-linux-arm64/CMakeFiles/CMakeTmp/CheckIncludeFile.c
Linking C executable cmTC_7e918
/usr/bin/cmake -E cmake_link_script CMakeFiles/cmTC_7e918.dir/link.txt --verbose=1
/usr/bin/cc   -D_GNU_SOURCE=1 CMakeFiles/cmTC_7e918.dir/CheckIncludeFile.c.o -o cmTC_7e918  /usr/lib/aarch64-linux-gnu/libX11.so 
gmake[1]: Leaving directory '/src/build-linux-arm64/CMakeFiles/CMakeTmp'



Performing C SOURCE FILE Test HAVE_XINPUT2_SCROLLINFO succeeded with the following output:
Change Dir: /src/build-linux-arm64/CMakeFiles/CMakeTmp

Run Build Command(s):/usr/bin/gmake -f Makefile cmTC_83b09/fast && /usr/bin/gmake  -f CMakeFiles/cmTC_83b09.dir/build.make CMakeFiles/cmTC_83b09.dir/build
gmake[1]: Entering directory '/src/build-linux-arm64/CMakeFiles/CMakeTmp'
Building C object CMakeFiles/cmTC_83b09.dir/src.c.o
/usr/bin/cc -DHAVE_XINPUT2_SCROLLINFO  -D_GNU_SOURCE=1 -std=gnu11 -o CMakeFiles/cmTC_83b09.dir/src.c.o -c /src/build-linux-arm64/CMakeFiles/CMakeTmp/src.c
Linking C executable cmTC_83b09
/usr/bin/cmake -E cmake_link_script CMakeFiles/cmTC_83b09.dir/link.txt --verbose=1
/usr/bin/cc   -D_GNU_SOURCE=1 CMakeFiles/cmTC_83b09.dir/src.c.o -o cmTC_83b09  /usr/lib/aarch64-linux-gnu/libX11.so 
gmake[1]: Leaving directory '/src/build-linux-arm64/CMakeFiles/CMakeTmp'


Source file was:

              #include <X11/Xlib.h>
              #include <X11/Xproto.h>
              #include <X11/extensions/XInput2.h>
              XIScrollClassInfo *s;
              int main(int argc, char **argv) {}
Performing C SOURCE FILE Test HAVE_XINPUT2_MULTITOUCH succeeded with the following output:
Change Dir: /src/build-linux-arm64/CMakeFiles/CMakeTmp

Run Build Command(s):/usr/bin/gmake -f Makefile cmTC_24eb8/fast && /usr/bin/gmake  -f CMakeFiles/cmTC_24eb8.dir/build.make CMakeFiles/cmTC_24eb8.dir/build
gmake[1]: Entering directory '/src/build-linux-arm64/CMakeFiles/CMakeTmp'
Building C object CMakeFiles/cmTC_24eb8.dir/src.c.o
/usr/bin/cc -DHAVE_XINPUT2_MULTITOUCH  -D_GNU_SOURCE=1 -std=gnu11 -o CMakeFiles/cmTC_24eb8.dir/src.c.o -c /src/build-linux-arm64/CMakeFiles/CMakeTmp/src.c
Linking C static library libcmTC_24eb8.a
/usr/bin/cmake -P CMakeFiles/cmTC_24eb8.dir/cmake_clean_target.cmake
/usr/bin/cmake -E cmake_link_script CMakeFiles/cmTC_24eb8.dir/link.txt --verbose=1
/usr/bin/ar qc libcmTC_24eb8.a CMakeFiles/cmTC_24eb8.dir/src.c.o
/usr/bin/ranlib libcmTC_24eb8.a
gmake[1]: Leaving directory '/src/build-linux-arm64/CMakeFiles/CMakeTmp'


Source file was:

              #include <X11/Xlib.h>
              #include <X11/Xproto.h>
              #include <X11/extensions/XInput2.h>
              int event_type = XI_TouchBegin;
              XITouchClassInfo *t;
              Status XIAllowTouchEvents(Display *a,int b,unsigned int c,Window d,int f) {
                return (Status)0;
              }
              int main(int argc, char **argv) { return 0; }
Performing C SOURCE FILE Test HAVE_XINPUT2_GESTURE succeeded with the following output:
Change Dir: /src/build-linux-arm64/CMakeFiles/CMakeTmp

Run Build Command(s):/usr/bin/gmake -f Makefile cmTC_ed091/fast && /usr/bin/gmake  -f CMakeFiles/cmTC_ed091.dir/build.make CMakeFiles/cmTC_ed091.dir/build
gmake[1]: Entering directory '/src/build-linux-arm64/CMakeFiles/CMakeTmp'
Building C object CMakeFiles/cmTC_ed091.dir/src.c.o
/usr/bin/cc -DHAVE_XINPUT2_GESTURE  -D_GNU_SOURCE=1 -std=gnu11 -o CMakeFiles/cmTC_ed091.dir/src.c.o -c /src/build-linux-arm64/CMakeFiles/CMakeTmp/src.c
Linking C executable cmTC_ed091
/usr/bin/cmake -E cmake_link_script CMakeFiles/cmTC_ed091.dir/link.txt --verbose=1
/usr/bin/cc   -D_GNU_SOURCE=1 CMakeFiles/cmTC_ed091.dir/src.c.o -o cmTC_ed091  /usr/lib/aarch64-linux-gnu/libX11.so 
gmake[1]: Leaving directory '/src/build-linux-arm64/CMakeFiles/CMakeTmp'


Source file was:

              #include <X11/Xlib.h>
              #include <X11/Xproto.h>
              #include <X11/extensions/XInput2.h>
              int event_type = XI_GesturePinchBegin;
              XIGesturePinchEvent *t;
              Status XIAllowTouchEvents(Display *a,int b,unsigned int c,Window d,int f) {
                return (Status)0;
              }
              int main(int argc, char **argv) { return 0; }
Performing C SOURCE FILE Test HAVE_XFIXES_H succeeded with the following output:
Change Dir: /src/build-linux-arm64/CMakeFiles/CMakeTmp

Run Build Command(s):/usr/bin/gmake -f Makefile cmTC_e0763/fast && /usr/bin/gmake  -f CMakeFiles/cmTC_e0763.dir/build.make CMakeFiles/cmTC_e0763.dir/build
gmake[1]: Entering directory '/src/build-linux-arm64/CMakeFiles/CMakeTmp'
Building C object CMakeFiles/cmTC_e0763.dir/src.c.o
/usr/bin/cc -DHAVE_XFIXES_H  -D_GNU_SOURCE=1 -std=gnu11 -o CMakeFiles/cmTC_e0763.dir/src.c.o -c /src/build-linux-arm64/CMakeFiles/CMakeTmp/src.c
Linking C static library libcmTC_e0763.a
/usr/bin/cmake -P CMakeFiles/cmTC_e0763.dir/cmake_clean_target.cmake
/usr/bin/cmake -E cmake_link_script CMakeFiles/cmTC_e0763.dir/link.txt --verbose=1
/usr/bin/ar qc libcmTC_e0763.a CMakeFiles/cmTC_e0763.dir/src.c.o
/usr/bin/ranlib libcmTC_e0763.a
gmake[1]: Leaving directory '/src/build-linux-arm64/CMakeFiles/CMakeTmp'


Source file was:

            #include <X11/Xlib.h>
            #include <X11/Xproto.h>
            #include <X11/extensions/XInput2.h>
            #include <X11/extensions/Xfixes.h>
            BarrierEventID b;
            int main(int argc, char **argv) { return 0; }
Performing C SOURCE FILE Test HAVE_OPENGL_EGL succeeded with the following output:
Change Dir: /src/build-linux-arm64/CMakeFiles/CMakeTmp

Run Build Command(s):/usr/bin/gmake -f Makefile cmTC_99792/fast && /usr/bin/gmake  -f CMakeFiles/cmTC_99792.dir/build.make CMakeFiles/cmTC_99792.dir/build
gmake[1]: Entering directory '/src/build-linux-arm64/CMakeFiles/CMakeTmp'
Building C object CMakeFiles/cmTC_99792.dir/src.c.o
/usr/bin/cc -DHAVE_OPENGL_EGL -I/src/sources/SDL/src/video/khronos -D_GNU_SOURCE=1 -std=gnu11 -o CMakeFiles/cmTC_99792.dir/src.c.o -c /src/build-linux-arm64/CMakeFiles/CMakeTmp/src.c
Linking C executable cmTC_99792
/usr/bin/cmake -E cmake_link_script CMakeFiles/cmTC_99792.dir/link.txt --verbose=1
/usr/bin/cc   -D_GNU_SOURCE=1 CMakeFiles/cmTC_99792.dir/src.c.o -o cmTC_99792 
gmake[1]: Leaving directory '/src/build-linux-arm64/CMakeFiles/CMakeTmp'


Source file was:

        #define EGL_API_FB
        #define MESA_EGL_NO_X11_HEADERS
        #define EGL_NO_X11
        #include <EGL/egl.h>
        #include <EGL/eglext.h>
        int main (int argc, char** argv) { return 0; }
Performing C SOURCE FILE Test HAVE_OPENGL_GLX succeeded with the following output:
Change Dir: /src/build-linux-arm64/CMakeFiles/CMakeTmp

Run Build Command(s):/usr/bin/gmake -f Makefile cmTC_f13d2/fast && /usr/bin/gmake  -f CMakeFiles/cmTC_f13d2.dir/build.make CMakeFiles/cmTC_f13d2.dir/build
gmake[1]: Entering directory '/src/build-linux-arm64/CMakeFiles/CMakeTmp'
Building C object CMakeFiles/cmTC_f13d2.dir/src.c.o
/usr/bin/cc -DHAVE_OPENGL_GLX  -D_GNU_SOURCE=1 -std=gnu11 -o CMakeFiles/cmTC_f13d2.dir/src.c.o -c /src/build-linux-arm64/CMakeFiles/CMakeTmp/src.c
Linking C executable cmTC_f13d2
/usr/bin/cmake -E cmake_link_script CMakeFiles/cmTC_f13d2.dir/link.txt --verbose=1
/usr/bin/cc   -D_GNU_SOURCE=1 CMakeFiles/cmTC_f13d2.dir/src.c.o -o cmTC_f13d2 
gmake[1]: Leaving directory '/src/build-linux-arm64/CMakeFiles/CMakeTmp'


Source file was:

        #include <GL/glx.h>
        int main(int argc, char** argv) { return 0; }
Performing C SOURCE FILE Test HAVE_OPENGL succeeded with the following output:
Change Dir: /src/build-linux-arm64/CMakeFiles/CMakeTmp

Run Build Command(s):/usr/bin/gmake -f Makefile cmTC_02527/fast && /usr/bin/gmake  -f CMakeFiles/cmTC_02527.dir/build.make CMakeFiles/cmTC_02527.dir/build
gmake[1]: Entering directory '/src/build-linux-arm64/CMakeFiles/CMakeTmp'
Building C object CMakeFiles/cmTC_02527.dir/src.c.o
/usr/bin/cc -DHAVE_OPENGL  -D_GNU_SOURCE=1 -std=gnu11 -o CMakeFiles/cmTC_02527.dir/src.c.o -c /src/build-linux-arm64/CMakeFiles/CMakeTmp/src.c
Linking C executable cmTC_02527
/usr/bin/cmake -E cmake_link_script CMakeFiles/cmTC_02527.dir/link.txt --verbose=1
/usr/bin/cc   -D_GNU_SOURCE=1 CMakeFiles/cmTC_02527.dir/src.c.o -o cmTC_02527 
gmake[1]: Leaving directory '/src/build-linux-arm64/CMakeFiles/CMakeTmp'


Source file was:

        #include <GL/gl.h>
        #include <GL/glext.h>
        int main(int argc, char** argv) { return 0; }
Performing C SOURCE FILE Test HAVE_OPENGLES_V2 succeeded with the following output:
Change Dir: /src/build-linux-arm64/CMakeFiles/CMakeTmp

Run Build Command(s):/usr/bin/gmake -f Makefile cmTC_0a704/fast && /usr/bin/gmake  -f CMakeFiles/cmTC_0a704.dir/build.make CMakeFiles/cmTC_0a704.dir/build
gmake[1]: Entering directory '/src/build-linux-arm64/CMakeFiles/CMakeTmp'
Building C object CMakeFiles/cmTC_0a704.dir/src.c.o
/usr/bin/cc -DHAVE_OPENGLES_V2 -I/src/sources/SDL/src/video/khronos -D_GNU_SOURCE=1 -std=gnu11 -o CMakeFiles/cmTC_0a704.dir/src.c.o -c /src/build-linux-arm64/CMakeFiles/CMakeTmp/src.c
Linking C executable cmTC_0a704
/usr/bin/cmake -E cmake_link_script CMakeFiles/cmTC_0a704.dir/link.txt --verbose=1
/usr/bin/cc   -D_GNU_SOURCE=1 CMakeFiles/cmTC_0a704.dir/src.c.o -o cmTC_0a704 
gmake[1]: Leaving directory '/src/build-linux-arm64/CMakeFiles/CMakeTmp'


Source file was:

      #include <GLES2/gl2.h>
      #include <GLES2/gl2ext.h>
      int main (int argc, char** argv) { return 0; }
Performing C SOURCE FILE Test HAVE_LINUX_INPUT_H succeeded with the following output:
Change Dir: /src/build-linux-arm64/CMakeFiles/CMakeTmp

Run Build Command(s):/usr/bin/gmake -f Makefile cmTC_116ac/fast && /usr/bin/gmake  -f CMakeFiles/cmTC_116ac.dir/build.make CMakeFiles/cmTC_116ac.dir/build
gmake[1]: Entering directory '/src/build-linux-arm64/CMakeFiles/CMakeTmp'
Building C object CMakeFiles/cmTC_116ac.dir/src.c.o
/usr/bin/cc -DHAVE_LINUX_INPUT_H  -D_GNU_SOURCE=1 -std=gnu11 -o CMakeFiles/cmTC_116ac.dir/src.c.o -c /src/build-linux-arm64/CMakeFiles/CMakeTmp/src.c
Linking C executable cmTC_116ac
/usr/bin/cmake -E cmake_link_script CMakeFiles/cmTC_116ac.dir/link.txt --verbose=1
/usr/bin/cc   -D_GNU_SOURCE=1 CMakeFiles/cmTC_116ac.dir/src.c.o -o cmTC_116ac 
gmake[1]: Leaving directory '/src/build-linux-arm64/CMakeFiles/CMakeTmp'


Source file was:

        #include <linux/input.h>
        #ifndef EVIOCGNAME
        #error EVIOCGNAME() ioctl not available
        #endif
        int main(int argc, char** argv) { return 0; }
Performing C SOURCE FILE Test HAVE_INPUT_KD succeeded with the following output:
Change Dir: /src/build-linux-arm64/CMakeFiles/CMakeTmp

Run Build Command(s):/usr/bin/gmake -f Makefile cmTC_63aa5/fast && /usr/bin/gmake  -f CMakeFiles/cmTC_63aa5.dir/build.make CMakeFiles/cmTC_63aa5.dir/build
gmake[1]: Entering directory '/src/build-linux-arm64/CMakeFiles/CMakeTmp'
Building C object CMakeFiles/cmTC_63aa5.dir/src.c.o
/usr/bin/cc -DHAVE_INPUT_KD  -D_GNU_SOURCE=1 -std=gnu11 -o CMakeFiles/cmTC_63aa5.dir/src.c.o -c /src/build-linux-arm64/CMakeFiles/CMakeTmp/src.c
Linking C executable cmTC_63aa5
/usr/bin/cmake -E cmake_link_script CMakeFiles/cmTC_63aa5.dir/link.txt --verbose=1
/usr/bin/cc   -D_GNU_SOURCE=1 CMakeFiles/cmTC_63aa5.dir/src.c.o -o cmTC_63aa5 
gmake[1]: Leaving directory '/src/build-linux-arm64/CMakeFiles/CMakeTmp'


Source file was:

          #include <linux/kd.h>
          #include <linux/keyboard.h>
          #include <sys/ioctl.h>
          int main(int argc, char **argv) {
              struct kbentry kbe;
              kbe.kb_table = KG_CTRL;
              ioctl(0, KDGKBENT, &kbe);
              return 0;
          }
Performing C SOURCE FILE Test HAVE_LINUX_VIDEODEV2_H succeeded with the following output:
Change Dir: /src/build-linux-arm64/CMakeFiles/CMakeTmp

Run Build Command(s):/usr/bin/gmake -f Makefile cmTC_36dec/fast && /usr/bin/gmake  -f CMakeFiles/cmTC_36dec.dir/build.make CMakeFiles/cmTC_36dec.dir/build
gmake[1]: Entering directory '/src/build-linux-arm64/CMakeFiles/CMakeTmp'
Building C object CMakeFiles/cmTC_36dec.dir/src.c.o
/usr/bin/cc -DHAVE_LINUX_VIDEODEV2_H  -D_GNU_SOURCE=1 -std=gnu11 -o CMakeFiles/cmTC_36dec.dir/src.c.o -c /src/build-linux-arm64/CMakeFiles/CMakeTmp/src.c
Linking C executable cmTC_36dec
/usr/bin/cmake -E cmake_link_script CMakeFiles/cmTC_36dec.dir/link.txt --verbose=1
/usr/bin/cc   -D_GNU_SOURCE=1 CMakeFiles/cmTC_36dec.dir/src.c.o -o cmTC_36dec 
gmake[1]: Leaving directory '/src/build-linux-arm64/CMakeFiles/CMakeTmp'


Source file was:

          #include <linux/videodev2.h>
          int main(int argc, char** argv) { return 0; }
Determining if the include file sys/inotify.h exists passed with the following output:
Change Dir: /src/build-linux-arm64/CMakeFiles/CMakeTmp

Run Build Command(s):/usr/bin/gmake -f Makefile cmTC_6bd9d/fast && /usr/bin/gmake  -f CMakeFiles/cmTC_6bd9d.dir/build.make CMakeFiles/cmTC_6bd9d.dir/build
gmake[1]: Entering directory '/src/build-linux-arm64/CMakeFiles/CMakeTmp'
Building C object CMakeFiles/cmTC_6bd9d.dir/CheckIncludeFile.c.o
/usr/bin/cc   -D_GNU_SOURCE=1 -std=gnu11 -o CMakeFiles/cmTC_6bd9d.dir/CheckIncludeFile.c.o -c /src/build-linux-arm64/CMakeFiles/CMakeTmp/CheckIncludeFile.c
Linking C executable cmTC_6bd9d
/usr/bin/cmake -E cmake_link_script CMakeFiles/cmTC_6bd9d.dir/link.txt --verbose=1
/usr/bin/cc   -D_GNU_SOURCE=1 CMakeFiles/cmTC_6bd9d.dir/CheckIncludeFile.c.o -o cmTC_6bd9d 
gmake[1]: Leaving directory '/src/build-linux-arm64/CMakeFiles/CMakeTmp'



Determining if the inotify_init exist passed with the following output:
Change Dir: /src/build-linux-arm64/CMakeFiles/CMakeTmp

Run Build Command(s):/usr/bin/gmake -f Makefile cmTC_e800b/fast && /usr/bin/gmake  -f CMakeFiles/cmTC_e800b.dir/build.make CMakeFiles/cmTC_e800b.dir/build
gmake[1]: Entering directory '/src/build-linux-arm64/CMakeFiles/CMakeTmp'
Building C object CMakeFiles/cmTC_e800b.dir/CheckSymbolExists.c.o
/usr/bin/cc   -D_GNU_SOURCE=1 -std=gnu11 -o CMakeFiles/cmTC_e800b.dir/CheckSymbolExists.c.o -c /src/build-linux-arm64/CMakeFiles/CMakeTmp/CheckSymbolExists.c
Linking C executable cmTC_e800b
/usr/bin/cmake -E cmake_link_script CMakeFiles/cmTC_e800b.dir/link.txt --verbose=1
/usr/bin/cc   -D_GNU_SOURCE=1 CMakeFiles/cmTC_e800b.dir/CheckSymbolExists.c.o -o cmTC_e800b 
gmake[1]: Leaving directory '/src/build-linux-arm64/CMakeFiles/CMakeTmp'


File /src/build-linux-arm64/CMakeFiles/CMakeTmp/CheckSymbolExists.c:
/* */
#include <sys/inotify.h>

int main(int argc, char** argv)
{
  (void)argv;
#ifndef inotify_init
  return ((int*)(&inotify_init))[argc];
#else
  (void)argc;
  return 0;
#endif
}
Determining if the inotify_init1 exist passed with the following output:
Change Dir: /src/build-linux-arm64/CMakeFiles/CMakeTmp

Run Build Command(s):/usr/bin/gmake -f Makefile cmTC_adb83/fast && /usr/bin/gmake  -f CMakeFiles/cmTC_adb83.dir/build.make CMakeFiles/cmTC_adb83.dir/build
gmake[1]: Entering directory '/src/build-linux-arm64/CMakeFiles/CMakeTmp'
Building C object CMakeFiles/cmTC_adb83.dir/CheckSymbolExists.c.o
/usr/bin/cc   -D_GNU_SOURCE=1 -std=gnu11 -o CMakeFiles/cmTC_adb83.dir/CheckSymbolExists.c.o -c /src/build-linux-arm64/CMakeFiles/CMakeTmp/CheckSymbolExists.c
Linking C executable cmTC_adb83
/usr/bin/cmake -E cmake_link_script CMakeFiles/cmTC_adb83.dir/link.txt --verbose=1
/usr/bin/cc   -D_GNU_SOURCE=1 CMakeFiles/cmTC_adb83.dir/CheckSymbolExists.c.o -o cmTC_adb83 
gmake[1]: Leaving directory '/src/build-linux-arm64/CMakeFiles/CMakeTmp'


File /src/build-linux-arm64/CMakeFiles/CMakeTmp/CheckSymbolExists.c:
/* */
#include <sys/inotify.h>

int main(int argc, char** argv)
{
  (void)argv;
#ifndef inotify_init1
  return ((int*)(&inotify_init1))[argc];
#else
  (void)argc;
  return 0;
#endif
}
Performing C SOURCE FILE Test HAVE_PTHREADS succeeded with the following output:
Change Dir: /src/build-linux-arm64/CMakeFiles/CMakeTmp

Run Build Command(s):/usr/bin/gmake -f Makefile cmTC_4b8cc/fast && /usr/bin/gmake  -f CMakeFiles/cmTC_4b8cc.dir/build.make CMakeFiles/cmTC_4b8cc.dir/build
gmake[1]: Entering directory '/src/build-linux-arm64/CMakeFiles/CMakeTmp'
Building C object CMakeFiles/cmTC_4b8cc.dir/src.c.o
/usr/bin/cc -DHAVE_PTHREADS  -D_GNU_SOURCE=1 -D_REENTRANT -pthread -std=gnu11 -o CMakeFiles/cmTC_4b8cc.dir/src.c.o -c /src/build-linux-arm64/CMakeFiles/CMakeTmp/src.c
Linking C executable cmTC_4b8cc
/usr/bin/cmake -E cmake_link_script CMakeFiles/cmTC_4b8cc.dir/link.txt --verbose=1
/usr/bin/cc   -D_GNU_SOURCE=1 -D_REENTRANT -pthread CMakeFiles/cmTC_4b8cc.dir/src.c.o -o cmTC_4b8cc 
gmake[1]: Leaving directory '/src/build-linux-arm64/CMakeFiles/CMakeTmp'


Source file was:

        #include <pthread.h>
        int main(int argc, char** argv) {
          pthread_attr_t type;
          pthread_attr_init(&type);
          return 0;
        }
Performing C SOURCE FILE Test HAVE_RECURSIVE_MUTEXES succeeded with the following output:
Change Dir: /src/build-linux-arm64/CMakeFiles/CMakeTmp

Run Build Command(s):/usr/bin/gmake -f Makefile cmTC_bff57/fast && /usr/bin/gmake  -f CMakeFiles/cmTC_bff57.dir/build.make CMakeFiles/cmTC_bff57.dir/build
gmake[1]: Entering directory '/src/build-linux-arm64/CMakeFiles/CMakeTmp'
Building C object CMakeFiles/cmTC_bff57.dir/src.c.o
/usr/bin/cc -DHAVE_RECURSIVE_MUTEXES  -D_GNU_SOURCE=1 -D_REENTRANT -pthread -std=gnu11 -o CMakeFiles/cmTC_bff57.dir/src.c.o -c /src/build-linux-arm64/CMakeFiles/CMakeTmp/src.c
Linking C executable cmTC_bff57
/usr/bin/cmake -E cmake_link_script CMakeFiles/cmTC_bff57.dir/link.txt --verbose=1
/usr/bin/cc   -D_GNU_SOURCE=1 -D_REENTRANT -pthread CMakeFiles/cmTC_bff57.dir/src.c.o -o cmTC_bff57 
gmake[1]: Leaving directory '/src/build-linux-arm64/CMakeFiles/CMakeTmp'


Source file was:

        #include <pthread.h>
        int main(int argc, char **argv) {
          pthread_mutexattr_t attr;
          pthread_mutexattr_settype(&attr, PTHREAD_MUTEX_RECURSIVE);
          return 0;
        }
Performing C SOURCE FILE Test HAVE_PTHREADS_SEM succeeded with the following output:
Change Dir: /src/build-linux-arm64/CMakeFiles/CMakeTmp

Run Build Command(s):/usr/bin/gmake -f Makefile cmTC_8a029/fast && /usr/bin/gmake  -f CMakeFiles/cmTC_8a029.dir/build.make CMakeFiles/cmTC_8a029.dir/build
gmake[1]: Entering directory '/src/build-linux-arm64/CMakeFiles/CMakeTmp'
Building C object CMakeFiles/cmTC_8a029.dir/src.c.o
/usr/bin/cc -DHAVE_PTHREADS_SEM  -D_GNU_SOURCE=1 -D_REENTRANT -pthread -std=gnu11 -o CMakeFiles/cmTC_8a029.dir/src.c.o -c /src/build-linux-arm64/CMakeFiles/CMakeTmp/src.c
Linking C executable cmTC_8a029
/usr/bin/cmake -E cmake_link_script CMakeFiles/cmTC_8a029.dir/link.txt --verbose=1
/usr/bin/cc   -D_GNU_SOURCE=1 -D_REENTRANT -pthread CMakeFiles/cmTC_8a029.dir/src.c.o -o cmTC_8a029 
gmake[1]: Leaving directory '/src/build-linux-arm64/CMakeFiles/CMakeTmp'


Source file was:
#include <pthread.h>
                                 #include <semaphore.h>
                                 int main(int argc, char **argv) { return 0; }
Performing C SOURCE FILE Test COMPILER_HAS_SEM_TIMEDWAIT succeeded with the following output:
Change Dir: /src/build-linux-arm64/CMakeFiles/CMakeTmp

Run Build Command(s):/usr/bin/gmake -f Makefile cmTC_c71e5/fast && /usr/bin/gmake  -f CMakeFiles/cmTC_c71e5.dir/build.make CMakeFiles/cmTC_c71e5.dir/build
gmake[1]: Entering directory '/src/build-linux-arm64/CMakeFiles/CMakeTmp'
Building C object CMakeFiles/cmTC_c71e5.dir/src.c.o
/usr/bin/cc -DCOMPILER_HAS_SEM_TIMEDWAIT  -D_GNU_SOURCE=1 -D_REENTRANT -pthread -std=gnu11 -o CMakeFiles/cmTC_c71e5.dir/src.c.o -c /src/build-linux-arm64/CMakeFiles/CMakeTmp/src.c
/src/build-linux-arm64/CMakeFiles/CMakeTmp/src.c: In function 'main':
/src/build-linux-arm64/CMakeFiles/CMakeTmp/src.c:5:19: warning: argument 1 null where non-null expected [-Wnonnull]
    5 |                   sem_timedwait(NULL, NULL);
      |                   ^~~~~~~~~~~~~
In file included from /src/build-linux-arm64/CMakeFiles/CMakeTmp/src.c:3:
/usr/include/semaphore.h:63:12: note: in a call to function 'sem_timedwait' declared 'nonnull'
   63 | extern int sem_timedwait (sem_t *__restrict __sem,
      |            ^~~~~~~~~~~~~
/src/build-linux-arm64/CMakeFiles/CMakeTmp/src.c:5:19: warning: argument 2 null where non-null expected [-Wnonnull]
    5 |                   sem_timedwait(NULL, NULL);
      |                   ^~~~~~~~~~~~~
In file included from /src/build-linux-arm64/CMakeFiles/CMakeTmp/src.c:3:
/usr/include/semaphore.h:63:12: note: in a call to function 'sem_timedwait' declared 'nonnull'
   63 | extern int sem_timedwait (sem_t *__restrict __sem,
      |            ^~~~~~~~~~~~~
Linking C executable cmTC_c71e5
/usr/bin/cmake -E cmake_link_script CMakeFiles/cmTC_c71e5.dir/link.txt --verbose=1
/usr/bin/cc   -D_GNU_SOURCE=1 -D_REENTRANT -pthread CMakeFiles/cmTC_c71e5.dir/src.c.o -o cmTC_c71e5 
gmake[1]: Leaving directory '/src/build-linux-arm64/CMakeFiles/CMakeTmp'


Source file was:

              #include <pthread.h>
              #include <semaphore.h>
              int main(int argc, char **argv) {
                  sem_timedwait(NULL, NULL);
                  return 0;
              }
Determining if the include file pthread.h exists passed with the following output:
Change Dir: /src/build-linux-arm64/CMakeFiles/CMakeTmp

Run Build Command(s):/usr/bin/gmake -f Makefile cmTC_20a85/fast && /usr/bin/gmake  -f CMakeFiles/cmTC_20a85.dir/build.make CMakeFiles/cmTC_20a85.dir/build
gmake[1]: Entering directory '/src/build-linux-arm64/CMakeFiles/CMakeTmp'
Building C object CMakeFiles/cmTC_20a85.dir/CheckIncludeFile.c.o
/usr/bin/cc   -D_GNU_SOURCE=1 -D_REENTRANT -pthread -std=gnu11 -o CMakeFiles/cmTC_20a85.dir/CheckIncludeFile.c.o -c /src/build-linux-arm64/CMakeFiles/CMakeTmp/CheckIncludeFile.c
Linking C executable cmTC_20a85
/usr/bin/cmake -E cmake_link_script CMakeFiles/cmTC_20a85.dir/link.txt --verbose=1
/usr/bin/cc   -D_GNU_SOURCE=1 -D_REENTRANT -pthread CMakeFiles/cmTC_20a85.dir/CheckIncludeFile.c.o -o cmTC_20a85 
gmake[1]: Leaving directory '/src/build-linux-arm64/CMakeFiles/CMakeTmp'



Performing C SOURCE FILE Test HAVE_PTHREAD_SETNAME_NP succeeded with the following output:
Change Dir: /src/build-linux-arm64/CMakeFiles/CMakeTmp

Run Build Command(s):/usr/bin/gmake -f Makefile cmTC_7f974/fast && /usr/bin/gmake  -f CMakeFiles/cmTC_7f974.dir/build.make CMakeFiles/cmTC_7f974.dir/build
gmake[1]: Entering directory '/src/build-linux-arm64/CMakeFiles/CMakeTmp'
Building C object CMakeFiles/cmTC_7f974.dir/src.c.o
/usr/bin/cc -DHAVE_PTHREAD_SETNAME_NP  -D_GNU_SOURCE=1 -D_REENTRANT -pthread -std=gnu11 -o CMakeFiles/cmTC_7f974.dir/src.c.o -c /src/build-linux-arm64/CMakeFiles/CMakeTmp/src.c
Linking C executable cmTC_7f974
/usr/bin/cmake -E cmake_link_script CMakeFiles/cmTC_7f974.dir/link.txt --verbose=1
/usr/bin/cc   -D_GNU_SOURCE=1 -D_REENTRANT -pthread CMakeFiles/cmTC_7f974.dir/src.c.o -o cmTC_7f974 
gmake[1]: Leaving directory '/src/build-linux-arm64/CMakeFiles/CMakeTmp'


Source file was:

            #include <pthread.h>
            int main(int argc, char **argv) {
              #ifdef __APPLE__
              pthread_setname_np("");
              #else
              pthread_setname_np(pthread_self(),"");
              #endif
              return 0;
            }
Determining if the function clock_gettime exists in the c passed with the following output:
Change Dir: /src/build-linux-arm64/CMakeFiles/CMakeTmp

Run Build Command(s):/usr/bin/gmake -f Makefile cmTC_b809f/fast && /usr/bin/gmake  -f CMakeFiles/cmTC_b809f.dir/build.make CMakeFiles/cmTC_b809f.dir/build
gmake[1]: Entering directory '/src/build-linux-arm64/CMakeFiles/CMakeTmp'
Building C object CMakeFiles/cmTC_b809f.dir/CheckFunctionExists.c.o
/usr/bin/cc   -DCHECK_FUNCTION_EXISTS=clock_gettime  -D_GNU_SOURCE=1 -std=gnu11 -o CMakeFiles/cmTC_b809f.dir/CheckFunctionExists.c.o -c /usr/share/cmake-3.22/Modules/CheckFunctionExists.c
Linking C executable cmTC_b809f
/usr/bin/cmake -E cmake_link_script CMakeFiles/cmTC_b809f.dir/link.txt --verbose=1
/usr/bin/cc  -DCHECK_FUNCTION_EXISTS=clock_gettime  -D_GNU_SOURCE=1 CMakeFiles/cmTC_b809f.dir/CheckFunctionExists.c.o -o cmTC_b809f  -lc 
gmake[1]: Leaving directory '/src/build-linux-arm64/CMakeFiles/CMakeTmp'



Performing C SOURCE FILE Test HAVE_POSIX_SPAWN succeeded with the following output:
Change Dir: /src/build-linux-arm64/CMakeFiles/CMakeTmp

Run Build Command(s):/usr/bin/gmake -f Makefile cmTC_4bfe7/fast && /usr/bin/gmake  -f CMakeFiles/cmTC_4bfe7.dir/build.make CMakeFiles/cmTC_4bfe7.dir/build
gmake[1]: Entering directory '/src/build-linux-arm64/CMakeFiles/CMakeTmp'
Building C object CMakeFiles/cmTC_4bfe7.dir/src.c.o
/usr/bin/cc -DHAVE_POSIX_SPAWN  -D_GNU_SOURCE=1 -std=gnu11 -o CMakeFiles/cmTC_4bfe7.dir/src.c.o -c /src/build-linux-arm64/CMakeFiles/CMakeTmp/src.c
Linking C executable cmTC_4bfe7
/usr/bin/cmake -E cmake_link_script CMakeFiles/cmTC_4bfe7.dir/link.txt --verbose=1
/usr/bin/cc   -D_GNU_SOURCE=1 CMakeFiles/cmTC_4bfe7.dir/src.c.o -o cmTC_4bfe7 
gmake[1]: Leaving directory '/src/build-linux-arm64/CMakeFiles/CMakeTmp'


Source file was:

#include <spawn.h>
#include <unistd.h>

int main(void)
{
    int pipes[2];
    int pid;

    const char * args[] = {
      "/bin/false",
      NULL
    };

    const char * env[] = { NULL };

    pipe(pipes);

    posix_spawnattr_t attr;
    posix_spawn_file_actions_t fa;

    posix_spawnattr_init(&attr);
    posix_spawn_file_actions_init(&fa);

    posix_spawn_file_actions_addclose(&fa, pipes[0]);
    posix_spawn_file_actions_adddup2(&fa, pipes[1], STDOUT_FILENO);

    posix_spawn(&pid, args[0], &fa, &attr, (char * const *) args, (char * const *) env);
    posix_spawnp(&pid, args[0], &fa, &attr, (char * const *) args, (char * const *) env);

    posix_spawn_file_actions_destroy(&fa);
    posix_spawnattr_destroy(&attr);

    return 0;
}

Determining if the vfork exist passed with the following output:
Change Dir: /src/build-linux-arm64/CMakeFiles/CMakeTmp

Run Build Command(s):/usr/bin/gmake -f Makefile cmTC_fd811/fast && /usr/bin/gmake  -f CMakeFiles/cmTC_fd811.dir/build.make CMakeFiles/cmTC_fd811.dir/build
gmake[1]: Entering directory '/src/build-linux-arm64/CMakeFiles/CMakeTmp'
Building C object CMakeFiles/cmTC_fd811.dir/CheckSymbolExists.c.o
/usr/bin/cc   -D_GNU_SOURCE=1 -std=gnu11 -o CMakeFiles/cmTC_fd811.dir/CheckSymbolExists.c.o -c /src/build-linux-arm64/CMakeFiles/CMakeTmp/CheckSymbolExists.c
Linking C executable cmTC_fd811
/usr/bin/cmake -E cmake_link_script CMakeFiles/cmTC_fd811.dir/link.txt --verbose=1
/usr/bin/cc   -D_GNU_SOURCE=1 CMakeFiles/cmTC_fd811.dir/CheckSymbolExists.c.o -o cmTC_fd811 
gmake[1]: Leaving directory '/src/build-linux-arm64/CMakeFiles/CMakeTmp'


File /src/build-linux-arm64/CMakeFiles/CMakeTmp/CheckSymbolExists.c:
/* */
#include <unistd.h>

int main(int argc, char** argv)
{
  (void)argv;
#ifndef vfork
  return ((int*)(&vfork))[argc];
#else
  (void)argc;
  return 0;
#endif
}
Performing C SOURCE FILE Test LINKER_SUPPORTS_VERSION_SCRIPT succeeded with the following output:
Change Dir: /src/build-linux-arm64/CMakeFiles/CMakeTmp

Run Build Command(s):/usr/bin/gmake -f Makefile cmTC_fe7e2/fast && /usr/bin/gmake  -f CMakeFiles/cmTC_fe7e2.dir/build.make CMakeFiles/cmTC_fe7e2.dir/build
gmake[1]: Entering directory '/src/build-linux-arm64/CMakeFiles/CMakeTmp'
Building C object CMakeFiles/cmTC_fe7e2.dir/src.c.o
/usr/bin/cc -DLINKER_SUPPORTS_VERSION_SCRIPT  -fPIE -std=gnu11 -o CMakeFiles/cmTC_fe7e2.dir/src.c.o -c /src/build-linux-arm64/CMakeFiles/CMakeTmp/src.c
Linking C executable cmTC_fe7e2
/usr/bin/cmake -E cmake_link_script CMakeFiles/cmTC_fe7e2.dir/link.txt --verbose=1
/usr/bin/cc -Wl,--version-script=/src/build-linux-arm64/sources/SDL_ttf/dummy.sym CMakeFiles/cmTC_fe7e2.dir/src.c.o -o cmTC_fe7e2 
gmake[1]: Leaving directory '/src/build-linux-arm64/CMakeFiles/CMakeTmp'


Source file was:
int func(void) {return 0;} int main(int argc,char*argv[]){(void)argc;(void)argv;return func();}
Determining if the include file unistd.h exists passed with the following output:
Change Dir: /src/build-linux-arm64/CMakeFiles/CMakeTmp

Run Build Command(s):/usr/bin/gmake -f Makefile cmTC_c82c2/fast && /usr/bin/gmake  -f CMakeFiles/cmTC_c82c2.dir/build.make CMakeFiles/cmTC_c82c2.dir/build
gmake[1]: Entering directory '/src/build-linux-arm64/CMakeFiles/CMakeTmp'
Building C object CMakeFiles/cmTC_c82c2.dir/CheckIncludeFile.c.o
/usr/bin/cc   -fPIE -std=gnu11 -o CMakeFiles/cmTC_c82c2.dir/CheckIncludeFile.c.o -c /src/build-linux-arm64/CMakeFiles/CMakeTmp/CheckIncludeFile.c
Linking C executable cmTC_c82c2
/usr/bin/cmake -E cmake_link_script CMakeFiles/cmTC_c82c2.dir/link.txt --verbose=1
/usr/bin/cc CMakeFiles/cmTC_c82c2.dir/CheckIncludeFile.c.o -o cmTC_c82c2 
gmake[1]: Leaving directory '/src/build-linux-arm64/CMakeFiles/CMakeTmp'



Determining if the include file fcntl.h exists passed with the following output:
Change Dir: /src/build-linux-arm64/CMakeFiles/CMakeTmp

Run Build Command(s):/usr/bin/gmake -f Makefile cmTC_94bc8/fast && /usr/bin/gmake  -f CMakeFiles/cmTC_94bc8.dir/build.make CMakeFiles/cmTC_94bc8.dir/build
gmake[1]: Entering directory '/src/build-linux-arm64/CMakeFiles/CMakeTmp'
Building C object CMakeFiles/cmTC_94bc8.dir/CheckIncludeFile.c.o
/usr/bin/cc   -fPIE -std=gnu11 -o CMakeFiles/cmTC_94bc8.dir/CheckIncludeFile.c.o -c /src/build-linux-arm64/CMakeFiles/CMakeTmp/CheckIncludeFile.c
Linking C executable cmTC_94bc8
/usr/bin/cmake -E cmake_link_script CMakeFiles/cmTC_94bc8.dir/link.txt --verbose=1
/usr/bin/cc CMakeFiles/cmTC_94bc8.dir/CheckIncludeFile.c.o -o cmTC_94bc8 
gmake[1]: Leaving directory '/src/build-linux-arm64/CMakeFiles/CMakeTmp'



Determining if the include file pthread.h exists passed with the following output:
Change Dir: /src/build-linux-arm64/CMakeFiles/CMakeTmp

Run Build Command(s):/usr/bin/gmake -f Makefile cmTC_aa1e9/fast && /usr/bin/gmake  -f CMakeFiles/cmTC_aa1e9.dir/build.make CMakeFiles/cmTC_aa1e9.dir/build
gmake[1]: Entering directory '/src/build-linux-arm64/CMakeFiles/CMakeTmp'
Building C object CMakeFiles/cmTC_aa1e9.dir/CheckIncludeFile.c.o
/usr/bin/cc   -fPIE -std=gnu11 -o CMakeFiles/cmTC_aa1e9.dir/CheckIncludeFile.c.o -c /src/build-linux-arm64/CMakeFiles/CMakeTmp/CheckIncludeFile.c
Linking C executable cmTC_aa1e9
/usr/bin/cmake -E cmake_link_script CMakeFiles/cmTC_aa1e9.dir/link.txt --verbose=1
/usr/bin/cc CMakeFiles/cmTC_aa1e9.dir/CheckIncludeFile.c.o -o cmTC_aa1e9 
gmake[1]: Leaving directory '/src/build-linux-arm64/CMakeFiles/CMakeTmp'



Performing C SOURCE FILE Test CMAKE_HAVE_LIBC_PTHREAD succeeded with the following output:
Change Dir: /src/build-linux-arm64/CMakeFiles/CMakeTmp

Run Build Command(s):/usr/bin/gmake -f Makefile cmTC_a9dd1/fast && /usr/bin/gmake  -f CMakeFiles/cmTC_a9dd1.dir/build.make CMakeFiles/cmTC_a9dd1.dir/build
gmake[1]: Entering directory '/src/build-linux-arm64/CMakeFiles/CMakeTmp'
Building C object CMakeFiles/cmTC_a9dd1.dir/src.c.o
/usr/bin/cc -DCMAKE_HAVE_LIBC_PTHREAD  -fPIE -std=gnu11 -o CMakeFiles/cmTC_a9dd1.dir/src.c.o -c /src/build-linux-arm64/CMakeFiles/CMakeTmp/src.c
Linking C executable cmTC_a9dd1
/usr/bin/cmake -E cmake_link_script CMakeFiles/cmTC_a9dd1.dir/link.txt --verbose=1
/usr/bin/cc CMakeFiles/cmTC_a9dd1.dir/src.c.o -o cmTC_a9dd1 
gmake[1]: Leaving directory '/src/build-linux-arm64/CMakeFiles/CMakeTmp'


Source file was:
#include <pthread.h>

static void* test_func(void* data)
{
  return data;
}

int main(void)
{
  pthread_t thread;
  pthread_create(&thread, NULL, test_func, NULL);
  pthread_detach(thread);
  pthread_cancel(thread);
  pthread_join(thread, NULL);
  pthread_atfork(NULL, NULL, NULL);
  pthread_exit(NULL);

  return 0;
}

